"Label","Alabama!!Estimate","Alabama!!Percent","Alaska!!Estimate","Alaska!!Percent","Arizona!!Estimate","Arizona!!Percent","Arkansas!!Estimate","Arkansas!!Percent","California!!Estimate","California!!Percent","Colorado!!Estimate","Colorado!!Percent","Connecticut!!Estimate","Connecticut!!Percent","Delaware!!Estimate","Delaware!!Percent","District of Columbia!!Estimate","District of Columbia!!Percent","Florida!!Estimate","Florida!!Percent","Georgia!!Estimate","Georgia!!Percent","Hawaii!!Estimate","Hawaii!!Percent","Idaho!!Estimate","Idaho!!Percent","Illinois!!Estimate","Illinois!!Percent","Indiana!!Estimate","Indiana!!Percent","Iowa!!Estimate","Iowa!!Percent","Kansas!!Estimate","Kansas!!Percent","Kentucky!!Estimate","Kentucky!!Percent","Louisiana!!Estimate","Louisiana!!Percent","Maine!!Estimate","Maine!!Percent","Maryland!!Estimate","Maryland!!Percent","Massachusetts!!Estimate","Massachusetts!!Percent","Michigan!!Estimate","Michigan!!Percent","Minnesota!!Estimate","Minnesota!!Percent","Mississippi!!Estimate","Mississippi!!Percent","Missouri!!Estimate","Missouri!!Percent","Montana!!Estimate","Montana!!Percent","Nebraska!!Estimate","Nebraska!!Percent","Nevada!!Estimate","Nevada!!Percent","New Hampshire!!Estimate","New Hampshire!!Percent","New Jersey!!Estimate","New Jersey!!Percent","New Mexico!!Estimate","New Mexico!!Percent","New York!!Estimate","New York!!Percent","North Carolina!!Estimate","North Carolina!!Percent","North Dakota!!Estimate","North Dakota!!Percent","Ohio!!Estimate","Ohio!!Percent","Oklahoma!!Estimate","Oklahoma!!Percent","Oregon!!Estimate","Oregon!!Percent","Pennsylvania!!Estimate","Pennsylvania!!Percent","Rhode Island!!Estimate","Rhode Island!!Percent","South Carolina!!Estimate","South Carolina!!Percent","South Dakota!!Estimate","South Dakota!!Percent","Tennessee!!Estimate","Tennessee!!Percent","Texas!!Estimate","Texas!!Percent","Utah!!Estimate","Utah!!Percent","Vermont!!Estimate","Vermont!!Percent","Virginia!!Estimate","Virginia!!Percent","Washington!!Estimate","Washington!!Percent","West Virginia!!Estimate","West Virginia!!Percent","Wisconsin!!Estimate","Wisconsin!!Percent","Wyoming!!Estimate","Wyoming!!Percent","Puerto Rico!!Estimate","Puerto Rico!!Percent"
"SEX AND AGE","","","","","","","","","","","","","","","","","","","","","","","","","","","","","","","","","","","","","","","","","","","","","","","","","","","","","","","","","","","","","","","","","","","","","","","","","","","","","","","","","","","","","","","","","","","","","","","","","","","","","","","",""
"    Total population","4,841,164","4,841,164","736,855","736,855","6,728,577","6,728,577","2,968,472","2,968,472","38,654,206","38,654,206","5,359,295","5,359,295","3,588,570","3,588,570","934,695","934,695","659,009","659,009","19,934,451","19,934,451","10,099,320","10,099,320","1,413,673","1,413,673","1,635,483","1,635,483","12,851,684","12,851,684","6,589,578","6,589,578","3,106,589","3,106,589","2,898,292","2,898,292","4,411,989","4,411,989","4,645,670","4,645,670","1,329,923","1,329,923","5,959,902","5,959,902","6,742,143","6,742,143","9,909,600","9,909,600","5,450,868","5,450,868","2,989,192","2,989,192","6,059,651","6,059,651","1,023,391","1,023,391","1,881,259","1,881,259","2,839,172","2,839,172","1,327,503","1,327,503","8,915,456","8,915,456","2,082,669","2,082,669","19,697,457","19,697,457","9,940,828","9,940,828","736,162","736,162","11,586,941","11,586,941","3,875,589","3,875,589","3,982,267","3,982,267","12,783,977","12,783,977","1,054,491","1,054,491","4,834,605","4,834,605","851,058","851,058","6,548,009","6,548,009","26,956,435","26,956,435","2,948,427","2,948,427","626,249","626,249","8,310,301","8,310,301","7,073,146","7,073,146","1,846,092","1,846,092","5,754,798","5,754,798","583,029","583,029","3,529,385","3,529,385"
"        Male","2,346,193","48.5%","385,296","52.3%","3,344,106","49.7%","1,456,694","49.1%","19,200,970","49.7%","2,689,636","50.2%","1,750,270","48.8%","452,416","48.4%","312,629","47.4%","9,741,262","48.9%","4,922,471","48.7%","709,870","50.2%","819,845","50.1%","6,310,460","49.1%","3,245,322","49.2%","1,542,988","49.7%","1,441,912","49.8%","2,172,745","49.2%","2,271,684","48.9%","651,344","49.0%","2,886,734","48.4%","3,269,371","48.5%","4,869,885","49.1%","2,710,157","49.7%","1,450,269","48.5%","2,973,317","49.1%","514,191","50.2%","935,935","49.8%","1,426,322","50.2%","656,507","49.5%","4,350,531","48.8%","1,031,440","49.5%","9,555,130","48.5%","4,834,592","48.6%","376,979","51.2%","5,673,893","49.0%","1,919,995","49.5%","1,971,512","49.5%","6,255,042","48.9%","511,297","48.5%","2,348,338","48.6%","428,134","50.3%","3,191,977","48.7%","13,379,165","49.6%","1,483,055","50.3%","308,711","49.3%","4,086,283","49.2%","3,529,431","49.9%","912,270","49.4%","2,859,055","49.7%","297,691","51.1%","1,685,787","47.8%"
"        Female","2,494,971","51.5%","351,559","47.7%","3,384,471","50.3%","1,511,778","50.9%","19,453,236","50.3%","2,669,659","49.8%","1,838,300","51.2%","482,279","51.6%","346,380","52.6%","10,193,189","51.1%","5,176,849","51.3%","703,803","49.8%","815,638","49.9%","6,541,224","50.9%","3,344,256","50.8%","1,563,601","50.3%","1,456,380","50.2%","2,239,244","50.8%","2,373,986","51.1%","678,579","51.0%","3,073,168","51.6%","3,472,772","51.5%","5,039,715","50.9%","2,740,711","50.3%","1,538,923","51.5%","3,086,334","50.9%","509,200","49.8%","945,324","50.2%","1,412,850","49.8%","670,996","50.5%","4,564,925","51.2%","1,051,229","50.5%","10,142,327","51.5%","5,106,236","51.4%","359,183","48.8%","5,913,048","51.0%","1,955,594","50.5%","2,010,755","50.5%","6,528,935","51.1%","543,194","51.5%","2,486,267","51.4%","422,924","49.7%","3,356,032","51.3%","13,577,270","50.4%","1,465,372","49.7%","317,538","50.7%","4,224,018","50.8%","3,543,715","50.1%","933,822","50.6%","2,895,743","50.3%","285,338","48.9%","1,843,598","52.2%"
"    Under 5 years","292,771","6.0%","54,432","7.4%","434,939","6.5%","190,884","6.4%","2,499,561","6.5%","335,492","6.3%","188,812","5.3%","55,611","5.9%","41,955","6.4%","1,094,213","5.5%","660,941","6.5%","91,645","6.5%","114,063","7.0%","790,205","6.1%","420,024","6.4%","196,868","6.3%","198,915","6.9%","274,525","6.2%","309,257","6.7%","65,146","4.9%","367,551","6.2%","363,610","5.4%","573,965","5.8%","348,800","6.4%","192,390","6.4%","374,010","6.2%","60,995","6.0%","130,580","6.9%","180,440","6.4%","64,676","4.9%","528,509","5.9%","133,769","6.4%","1,170,723","5.9%","605,960","6.1%","51,419","7.0%","695,764","6.0%","265,818","6.9%","232,001","5.8%","714,598","5.6%","54,767","5.2%","291,499","6.0%","60,094","7.1%","402,160","6.1%","1,970,686","7.3%","253,964","8.6%","30,359","4.8%","510,257","6.1%","447,143","6.3%","101,908","5.5%","340,319","5.9%","37,967","6.5%","183,553","5.2%"
"    5 to 9 years","305,707","6.3%","52,309","7.1%","457,144","6.8%","201,293","6.8%","2,538,872","6.6%","355,338","6.6%","210,557","5.9%","56,566","6.1%","32,422","4.9%","1,116,799","5.6%","702,690","7.0%","84,839","6.0%","122,595","7.5%","829,477","6.5%","443,005","6.7%","204,844","6.6%","202,836","7.0%","281,090","6.4%","312,804","6.7%","72,808","5.5%","374,401","6.3%","374,138","5.5%","607,459","6.1%","362,804","6.7%","207,898","7.0%","389,938","6.4%","65,025","6.4%","132,938","7.1%","188,922","6.7%","74,086","5.6%","550,627","6.2%","142,699","6.9%","1,149,222","5.8%","644,338","6.5%","48,058","6.5%","727,074","6.3%","268,663","6.9%","242,455","6.1%","744,333","5.8%","56,610","5.4%","308,092","6.4%","60,272","7.1%","416,244","6.4%","2,012,405","7.5%","259,551","8.8%","33,409","5.3%","523,372","6.3%","448,647","6.3%","105,109","5.7%","365,329","6.3%","40,250","6.9%","205,875","5.8%"
"    10 to 14 years","313,980","6.5%","50,793","6.9%","454,665","6.8%","195,820","6.6%","2,536,895","6.6%","351,831","6.6%","228,543","6.4%","57,408","6.1%","24,759","3.8%","1,145,558","5.7%","711,030","7.0%","83,667","5.9%","123,175","7.5%","850,325","6.6%","446,516","6.8%","203,643","6.6%","200,652","6.9%","286,886","6.5%","307,531","6.6%","73,566","5.5%","374,976","6.3%","401,226","6.0%","641,499","6.5%","356,907","6.5%","208,103","7.0%","392,407","6.5%","61,764","6.0%","128,929","6.9%","184,398","6.5%","77,373","5.8%","574,364","6.4%","141,144","6.8%","1,171,027","5.9%","651,637","6.6%","42,617","5.8%","751,917","6.5%","263,520","6.8%","239,626","6.0%","763,742","6.0%","62,248","5.9%","303,601","6.3%","56,089","6.6%","422,117","6.4%","1,984,186","7.4%","250,857","8.5%","34,881","5.6%","518,662","6.2%","441,255","6.2%","106,914","5.8%","370,673","6.4%","38,635","6.6%","228,843","6.5%"
"    15 to 19 years","324,809","6.7%","49,133","6.7%","458,070","6.8%","201,365","6.8%","2,633,446","6.8%","345,616","6.4%","252,522","7.0%","60,446","6.5%","38,024","5.8%","1,185,544","5.9%","710,527","7.0%","79,892","5.7%","116,334","7.1%","865,659","6.7%","459,078","7.0%","215,024","6.9%","201,440","7.0%","288,980","6.5%","306,102","6.6%","82,208","6.2%","389,754","6.5%","461,145","6.8%","682,572","6.9%","357,492","6.6%","213,226","7.1%","400,528","6.6%","64,530","6.3%","128,681","6.8%","175,865","6.2%","90,122","6.8%","579,261","6.5%","141,518","6.8%","1,274,564","6.5%","658,761","6.6%","48,452","6.6%","778,347","6.7%","258,762","6.7%","245,719","6.2%","844,276","6.6%","74,637","7.1%","315,543","6.5%","57,294","6.7%","420,756","6.4%","1,926,342","7.1%","228,269","7.7%","44,470","7.1%","546,799","6.6%","441,557","6.2%","111,633","6.0%","384,551","6.7%","36,900","6.3%","250,906","7.1%"
"    20 to 24 years","342,489","7.1%","59,489","8.1%","483,124","7.2%","205,519","6.9%","2,891,020","7.5%","380,668","7.1%","242,007","6.7%","63,749","6.8%","58,852","8.9%","1,298,650","6.5%","724,670","7.2%","100,685","7.1%","111,710","6.8%","897,734","7.0%","481,268","7.3%","227,370","7.3%","215,954","7.5%","310,435","7.0%","343,997","7.4%","79,129","5.9%","400,581","6.7%","492,027","7.3%","721,224","7.3%","362,731","6.7%","217,892","7.3%","429,391","7.1%","72,643","7.1%","136,903","7.3%","187,422","6.6%","88,902","6.7%","570,148","6.4%","149,619","7.2%","1,427,838","7.2%","695,460","7.0%","68,009","9.2%","785,793","6.8%","284,548","7.3%","266,680","6.7%","867,182","6.8%","81,521","7.7%","346,446","7.2%","60,722","7.1%","459,392","7.0%","1,977,688","7.3%","248,683","8.4%","45,826","7.3%","590,201","7.1%","490,320","6.9%","123,410","6.7%","402,674","7.0%","42,215","7.2%","255,123","7.2%"
"    25 to 34 years","626,564","12.9%","115,775","15.7%","899,711","13.4%","385,316","13.0%","5,701,167","14.7%","798,010","14.9%","438,471","12.2%","122,685","13.1%","149,223","22.6%","2,532,527","12.7%","1,378,980","13.7%","203,249","14.4%","214,278","13.1%","1,780,279","13.9%","845,708","12.8%","391,277","12.6%","384,327","13.3%","566,828","12.8%","666,210","14.3%","152,643","11.5%","820,592","13.8%","926,099","13.7%","1,207,592","12.2%","745,041","13.7%","389,596","13.0%","800,229","13.2%","128,539","12.6%","252,414","13.4%","407,455","14.4%","154,495","11.6%","1,147,169","12.9%","276,750","13.3%","2,831,379","14.4%","1,294,386","13.0%","107,803","14.6%","1,469,248","12.7%","533,743","13.8%","548,492","13.8%","1,634,292","12.8%","137,781","13.1%","625,847","12.9%","111,742","13.1%","861,200","13.2%","3,915,774","14.5%","441,468","15.0%","71,749","11.5%","1,154,537","13.9%","1,020,046","14.4%","218,633","11.8%","728,926","12.7%","81,662","14.0%","444,100","12.6%"
"    35 to 44 years","606,216","12.5%","92,056","12.5%","835,719","12.4%","367,023","12.4%","5,159,031","13.3%","724,366","13.5%","439,606","12.3%","110,467","11.8%","92,780","14.1%","2,434,272","12.2%","1,375,596","13.6%","176,240","12.5%","200,434","12.3%","1,672,366","13.0%","822,044","12.5%","364,624","11.7%","345,603","11.9%","560,760","12.7%","569,307","12.3%","155,610","11.7%","768,457","12.9%","838,510","12.4%","1,188,718","12.0%","671,116","12.3%","371,390","12.4%","731,234","12.1%","116,416","11.4%","225,981","12.0%","383,267","13.5%","159,325","12.0%","1,170,011","13.1%","244,759","11.8%","2,501,802","12.7%","1,307,758","13.2%","82,372","11.2%","1,406,232","12.1%","473,291","12.2%","518,150","13.0%","1,515,459","11.9%","125,831","11.9%","597,453","12.4%","96,916","11.4%","840,617","12.8%","3,642,463","13.5%","385,777","13.1%","71,959","11.5%","1,094,958","13.2%","923,126","13.1%","228,148","12.4%","692,081","12.0%","70,703","12.1%","448,616","12.7%"
"    45 to 54 years","656,639","13.6%","99,414","13.5%","840,159","12.5%","385,891","13.0%","5,215,194","13.5%","718,538","13.4%","545,977","15.2%","129,801","13.9%","76,859","11.7%","2,744,569","13.8%","1,403,866","13.9%","182,450","12.9%","199,784","12.2%","1,768,455","13.8%","891,285","13.5%","406,148","13.1%","370,189","12.8%","611,789","13.9%","610,677","13.1%","200,296","15.1%","876,960","14.7%","984,781","14.6%","1,396,551","14.1%","756,460","13.9%","389,464","13.0%","820,875","13.5%","132,165","12.9%","239,004","12.7%","384,349","13.5%","210,225","15.8%","1,332,561","14.9%","264,079","12.7%","2,780,247","14.1%","1,373,899","13.8%","90,498","12.3%","1,603,648","13.8%","490,534","12.7%","515,058","12.9%","1,804,510","14.1%","152,284","14.4%","650,886","13.5%","106,922","12.6%","897,798","13.7%","3,471,589","12.9%","307,996","10.4%","91,643","14.6%","1,183,551","14.2%","952,858","13.5%","252,328","13.7%","815,403","14.2%","73,360","12.6%","463,546","13.1%"
"    55 to 59 years","332,234","6.9%","52,056","7.1%","406,293","6.0%","194,174","6.5%","2,418,507","6.3%","356,419","6.7%","263,778","7.4%","65,834","7.0%","36,131","5.5%","1,342,547","6.7%","635,477","6.3%","94,644","6.7%","101,826","6.2%","863,294","6.7%","448,208","6.8%","211,948","6.8%","193,876","6.7%","305,925","6.9%","312,753","6.7%","109,071","8.2%","411,506","6.9%","472,463","7.0%","723,864","7.3%","383,313","7.0%","197,906","6.6%","421,521","7.0%","77,889","7.6%","123,970","6.6%","181,631","6.4%","106,669","8.0%","625,355","7.0%","139,882","6.7%","1,331,302","6.8%","661,578","6.7%","49,555","6.7%","838,094","7.2%","254,064","6.6%","270,230","6.8%","938,083","7.3%","76,779","7.3%","326,582","6.8%","59,245","7.0%","444,258","6.8%","1,600,143","5.9%","147,470","5.0%","50,183","8.0%","556,454","6.7%","480,303","6.8%","137,566","7.5%","417,308","7.3%","41,352","7.1%","219,153","6.2%"
"    60 to 64 years","297,361","6.1%","42,093","5.7%","388,602","5.8%","176,200","5.9%","2,083,531","5.4%","314,977","5.9%","223,274","6.2%","58,295","6.2%","32,838","5.0%","1,242,147","6.2%","549,248","5.4%","88,748","6.3%","97,938","6.0%","749,793","5.8%","392,119","6.0%","194,062","6.2%","168,973","5.8%","271,771","6.2%","273,307","5.9%","97,195","7.3%","355,074","6.0%","411,465","6.1%","638,458","6.4%","326,799","6.0%","174,695","5.8%","369,584","6.1%","72,557","7.1%","110,361","5.9%","164,568","5.8%","91,245","6.9%","525,160","5.9%","130,164","6.2%","1,165,552","5.9%","587,721","5.9%","42,634","5.8%","734,487","6.3%","220,761","5.7%","269,282","6.8%","824,255","6.4%","65,516","6.2%","306,976","6.3%","52,553","6.2%","399,018","6.1%","1,358,592","5.0%","129,050","4.4%","45,577","7.3%","486,693","5.9%","435,049","6.2%","132,319","7.2%","362,314","6.3%","39,278","6.7%","215,438","6.1%"
"    65 to 74 years","434,510","9.0%","46,577","6.3%","620,856","9.2%","269,411","9.1%","2,822,406","7.3%","409,242","7.6%","303,959","8.5%","90,854","9.7%","42,680","6.5%","2,084,139","10.5%","765,556","7.6%","126,472","8.9%","139,140","8.5%","1,000,237","7.8%","535,846","8.1%","259,860","8.4%","226,565","7.8%","384,692","8.7%","371,899","8.0%","139,478","10.5%","475,899","8.0%","562,591","8.3%","870,644","8.8%","431,660","7.9%","249,257","8.3%","524,097","8.6%","99,684","9.7%","146,131","7.8%","249,640","8.8%","123,021","9.3%","726,212","8.1%","186,755","9.0%","1,600,042","8.1%","864,218","8.7%","54,162","7.4%","1,004,672","8.7%","322,630","8.3%","374,410","9.4%","1,152,343","9.0%","89,611","8.5%","466,367","9.6%","68,865","8.1%","584,549","8.9%","1,828,562","6.8%","172,376","5.8%","62,328","10.0%","677,364","8.2%","590,229","8.3%","190,104","10.3%","484,655","8.4%","47,851","8.2%","351,317","10.0%"
"    75 to 84 years","225,663","4.7%","16,759","2.3%","326,244","4.8%","140,847","4.7%","1,475,866","3.8%","190,638","3.6%","163,137","4.5%","44,977","4.8%","21,896","3.3%","1,198,775","6.0%","354,591","3.5%","63,545","4.5%","67,595","4.1%","535,327","4.2%","280,246","4.3%","153,198","4.9%","127,315","4.4%","192,551","4.4%","188,842","4.1%","71,641","5.4%","236,615","4.0%","299,231","4.4%","452,367","4.6%","233,134","4.3%","128,677","4.3%","284,040","4.7%","50,018","4.9%","84,473","4.5%","113,808","4.0%","60,143","4.5%","390,880","4.4%","95,267","4.6%","866,782","4.4%","430,970","4.3%","33,124","4.5%","540,558","4.7%","173,078","4.5%","175,646","4.4%","656,631","5.1%","48,107","4.6%","214,465","4.4%","40,129","4.7%","292,526","4.5%","915,785","3.4%","89,384","3.0%","30,145","4.8%","329,960","4.0%","276,831","3.9%","98,631","5.3%","264,148","4.6%","23,227","4.0%","189,519","5.4%"
"    85 years and over","82,221","1.7%","5,969","0.8%","123,051","1.8%","54,729","1.8%","678,710","1.8%","78,160","1.5%","87,927","2.5%","18,002","1.9%","10,590","1.6%","514,711","2.6%","126,148","1.2%","37,597","2.7%","26,611","1.6%","248,533","1.9%","124,231","1.9%","77,723","2.5%","61,647","2.1%","75,757","1.7%","72,984","1.6%","31,132","2.3%","107,536","1.8%","154,857","2.3%","204,687","2.1%","114,611","2.1%","48,698","1.6%","121,797","2.0%","21,166","2.1%","40,894","2.2%","37,407","1.3%","27,221","2.1%","195,199","2.2%","36,264","1.7%","426,977","2.2%","164,142","1.7%","17,459","2.4%","251,107","2.2%","66,177","1.7%","84,518","2.1%","324,273","2.5%","28,799","2.7%","80,848","1.7%","20,215","2.4%","107,374","1.6%","352,220","1.3%","33,582","1.1%","13,720","2.2%","137,493","1.7%","125,782","1.8%","39,389","2.1%","126,417","2.2%","9,629","1.7%","73,396","2.1%"
"    Median age (years)","38.6","(X)","33.6","(X)","37.1","(X)","37.7","(X)","36.0","(X)","36.4","(X)","40.6","(X)","39.6","(X)","33.8","(X)","41.6","(X)","36.2","(X)","38.5","(X)","35.7","(X)","37.4","(X)","37.4","(X)","38.0","(X)","36.2","(X)","38.6","(X)","36.2","(X)","44.0","(X)","38.3","(X)","39.4","(X)","39.5","(X)","37.8","(X)","36.7","(X)","38.3","(X)","39.8","(X)","36.2","(X)","37.5","(X)","42.4","(X)","39.5","(X)","37.2","(X)","38.2","(X)","38.3","(X)","35.2","(X)","39.3","(X)","36.2","(X)","39.1","(X)","40.6","(X)","39.9","(X)","38.8","(X)","36.8","(X)","38.5","(X)","34.2","(X)","30.3","(X)","42.6","(X)","37.8","(X)","37.6","(X)","41.9","(X)","39.1","(X)","36.8","(X)","39.4","(X)"
"    18 years and over","3,735,975","77.2%","549,239","74.5%","5,108,959","75.9%","2,261,238","76.2%","29,513,923","76.4%","4,113,114","76.7%","2,814,918","78.4%","730,503","78.2%","544,324","82.6%","15,868,175","79.6%","7,604,145","75.3%","1,105,457","78.2%","1,204,163","73.6%","9,861,055","76.7%","5,007,586","76.0%","2,379,075","76.6%","2,176,945","75.1%","3,397,799","77.0%","3,531,648","76.0%","1,070,422","80.5%","4,612,092","77.4%","5,351,591","79.4%","7,681,837","77.5%","4,168,770","76.5%","2,256,957","75.5%","4,664,527","77.0%","798,371","78.0%","1,413,658","75.1%","2,174,540","76.6%","1,060,524","79.9%","6,905,643","77.5%","1,580,919","75.9%","15,471,048","78.5%","7,653,002","77.0%","568,445","77.2%","8,947,081","77.2%","2,923,264","75.4%","3,120,872","78.4%","10,079,709","78.8%","842,085","79.9%","3,748,826","77.5%","641,443","75.4%","5,053,084","77.2%","19,823,959","73.5%","2,043,231","69.3%","504,558","80.6%","6,444,745","77.6%","5,468,551","77.3%","1,466,244","79.4%","4,453,300","77.4%","444,185","76.2%","2,761,979","78.3%"
"    21 years and over","3,530,912","72.9%","518,621","70.4%","4,822,237","71.7%","2,135,312","71.9%","27,849,757","72.0%","3,895,222","72.7%","2,656,566","74.0%","690,688","73.9%","510,050","77.4%","15,117,300","75.8%","7,159,406","70.9%","1,054,340","74.6%","1,135,639","69.4%","9,334,780","72.6%","4,718,570","71.6%","2,236,616","72.0%","2,048,730","70.7%","3,215,172","72.9%","3,337,299","71.8%","1,018,366","76.6%","4,372,608","73.4%","5,036,394","74.7%","7,250,964","73.2%","3,951,993","72.5%","2,119,168","70.9%","4,410,433","72.8%","755,033","73.8%","1,330,947","70.7%","2,072,361","73.0%","1,002,365","75.5%","6,567,970","73.7%","1,492,712","71.7%","14,635,971","74.3%","7,232,811","72.8%","532,366","72.3%","8,467,151","73.1%","2,759,350","71.2%","2,966,999","74.5%","9,529,309","74.5%","787,809","74.7%","3,542,109","73.3%","604,607","71.0%","4,789,978","73.2%","18,647,094","69.2%","1,911,018","64.8%","472,861","75.5%","6,090,324","73.3%","5,194,683","73.4%","1,393,149","75.5%","4,209,999","73.2%","419,535","72.0%","2,605,210","73.8%"
"    62 years and over","916,825","18.9%","92,309","12.5%","1,299,931","19.3%","568,893","19.2%","6,168,058","16.0%","859,263","16.0%","682,116","19.0%","188,249","20.1%","94,279","14.3%","4,529,569","22.7%","1,563,682","15.5%","278,657","19.7%","290,230","17.7%","2,212,221","17.2%","1,166,164","17.7%","601,779","19.4%","513,402","17.7%","811,253","18.4%","790,500","17.0%","298,631","22.5%","1,024,688","17.2%","1,254,571","18.6%","1,896,267","19.1%","968,432","17.8%","529,160","17.7%","1,144,122","18.9%","212,901","20.8%","333,882","17.7%","496,565","17.5%","262,845","19.8%","1,612,461","18.1%","393,536","18.9%","3,563,958","18.1%","1,801,290","18.1%","129,345","17.6%","2,219,867","19.2%","690,282","17.8%","793,359","19.9%","2,606,745","20.4%","204,470","19.4%","942,198","19.5%","159,588","18.8%","1,217,999","18.6%","3,876,461","14.4%","369,859","12.5%","132,608","21.2%","1,425,927","17.2%","1,244,170","17.6%","405,441","22.0%","1,084,658","18.8%","103,189","17.7%","742,423","21.0%"
"    65 years and over","742,394","15.3%","69,305","9.4%","1,070,151","15.9%","464,987","15.7%","4,976,982","12.9%","678,040","12.7%","555,023","15.5%","153,833","16.5%","75,166","11.4%","3,797,625","19.1%","1,246,295","12.3%","227,614","16.1%","233,346","14.3%","1,784,097","13.9%","940,323","14.3%","490,781","15.8%","415,527","14.3%","653,000","14.8%","633,725","13.6%","242,251","18.2%","820,050","13.8%","1,016,679","15.1%","1,527,698","15.4%","779,405","14.3%","426,632","14.3%","929,934","15.3%","170,868","16.7%","271,498","14.4%","400,855","14.1%","210,385","15.8%","1,312,291","14.7%","318,286","15.3%","2,893,801","14.7%","1,459,330","14.7%","104,745","14.2%","1,796,337","15.5%","561,885","14.5%","634,574","15.9%","2,133,247","16.7%","166,517","15.8%","761,680","15.8%","129,209","15.2%","984,449","15.0%","3,096,567","11.5%","295,342","10.0%","106,193","17.0%","1,144,817","13.8%","992,842","14.0%","328,124","17.8%","875,220","15.2%","80,707","13.8%","614,232","17.4%"
"    18 years and over","3,735,975","3,735,975","549,239","549,239","5,108,959","5,108,959","2,261,238","2,261,238","29,513,923","29,513,923","4,113,114","4,113,114","2,814,918","2,814,918","730,503","730,503","544,324","544,324","15,868,175","15,868,175","7,604,145","7,604,145","1,105,457","1,105,457","1,204,163","1,204,163","9,861,055","9,861,055","5,007,586","5,007,586","2,379,075","2,379,075","2,176,945","2,176,945","3,397,799","3,397,799","3,531,648","3,531,648","1,070,422","1,070,422","4,612,092","4,612,092","5,351,591","5,351,591","7,681,837","7,681,837","4,168,770","4,168,770","2,256,957","2,256,957","4,664,527","4,664,527","798,371","798,371","1,413,658","1,413,658","2,174,540","2,174,540","1,060,524","1,060,524","6,905,643","6,905,643","1,580,919","1,580,919","15,471,048","15,471,048","7,653,002","7,653,002","568,445","568,445","8,947,081","8,947,081","2,923,264","2,923,264","3,120,872","3,120,872","10,079,709","10,079,709","842,085","842,085","3,748,826","3,748,826","641,443","641,443","5,053,084","5,053,084","19,823,959","19,823,959","2,043,231","2,043,231","504,558","504,558","6,444,745","6,444,745","5,468,551","5,468,551","1,466,244","1,466,244","4,453,300","4,453,300","444,185","444,185","2,761,979","2,761,979"
"        Male","1,782,879","47.7%","288,766","52.6%","2,517,759","49.3%","1,095,163","48.4%","14,532,102","49.2%","2,052,203","49.9%","1,354,749","48.1%","348,722","47.7%","254,825","46.8%","7,664,396","48.3%","3,651,328","48.0%","551,578","49.9%","598,742","49.7%","4,784,884","48.5%","2,436,733","48.7%","1,170,340","49.2%","1,072,913","49.3%","1,652,784","48.6%","1,703,834","48.2%","518,032","48.4%","2,199,626","47.7%","2,559,175","47.8%","3,729,729","48.6%","2,054,764","49.3%","1,077,884","47.8%","2,258,884","48.4%","398,591","49.9%","696,139","49.2%","1,086,633","50.0%","520,256","49.1%","3,324,731","48.1%","775,105","49.0%","7,394,535","47.8%","3,667,518","47.9%","290,849","51.2%","4,323,093","48.3%","1,432,903","49.0%","1,530,403","49.0%","4,870,053","48.3%","402,478","47.8%","1,796,362","47.9%","320,429","50.0%","2,429,010","48.1%","9,740,034","49.1%","1,018,203","49.8%","246,083","48.8%","3,133,371","48.6%","2,708,601","49.5%","717,740","49.0%","2,193,714","49.3%","225,801","50.8%","1,291,908","46.8%"
"        Female","1,953,096","52.3%","260,473","47.4%","2,591,200","50.7%","1,166,075","51.6%","14,981,821","50.8%","2,060,911","50.1%","1,460,169","51.9%","381,781","52.3%","289,499","53.2%","8,203,779","51.7%","3,952,817","52.0%","553,879","50.1%","605,421","50.3%","5,076,171","51.5%","2,570,853","51.3%","1,208,735","50.8%","1,104,032","50.7%","1,745,015","51.4%","1,827,814","51.8%","552,390","51.6%","2,412,466","52.3%","2,792,416","52.2%","3,952,108","51.4%","2,114,006","50.7%","1,179,073","52.2%","2,405,643","51.6%","399,780","50.1%","717,519","50.8%","1,087,907","50.0%","540,268","50.9%","3,580,912","51.9%","805,814","51.0%","8,076,513","52.2%","3,985,484","52.1%","277,596","48.8%","4,623,988","51.7%","1,490,361","51.0%","1,590,469","51.0%","5,209,656","51.7%","439,607","52.2%","1,952,464","52.1%","321,014","50.0%","2,624,074","51.9%","10,083,925","50.9%","1,025,028","50.2%","258,475","51.2%","3,311,374","51.4%","2,759,950","50.5%","748,504","51.0%","2,259,586","50.7%","218,384","49.2%","1,470,071","53.2%"
"    65 years and over","742,394","742,394","69,305","69,305","1,070,151","1,070,151","464,987","464,987","4,976,982","4,976,982","678,040","678,040","555,023","555,023","153,833","153,833","75,166","75,166","3,797,625","3,797,625","1,246,295","1,246,295","227,614","227,614","233,346","233,346","1,784,097","1,784,097","940,323","940,323","490,781","490,781","415,527","415,527","653,000","653,000","633,725","633,725","242,251","242,251","820,050","820,050","1,016,679","1,016,679","1,527,698","1,527,698","779,405","779,405","426,632","426,632","929,934","929,934","170,868","170,868","271,498","271,498","400,855","400,855","210,385","210,385","1,312,291","1,312,291","318,286","318,286","2,893,801","2,893,801","1,459,330","1,459,330","104,745","104,745","1,796,337","1,796,337","561,885","561,885","634,574","634,574","2,133,247","2,133,247","166,517","166,517","761,680","761,680","129,209","129,209","984,449","984,449","3,096,567","3,096,567","295,342","295,342","106,193","106,193","1,144,817","1,144,817","992,842","992,842","328,124","328,124","875,220","875,220","80,707","80,707","614,232","614,232"
"        Male","320,432","43.2%","34,194","49.3%","492,025","46.0%","205,651","44.2%","2,197,057","44.1%","307,594","45.4%","238,260","42.9%","68,285","44.4%","30,502","40.6%","1,703,784","44.9%","539,904","43.3%","101,917","44.8%","109,725","47.0%","767,729","43.0%","409,004","43.5%","215,275","43.9%","183,444","44.1%","285,658","43.7%","275,087","43.4%","109,345","45.1%","352,480","43.0%","434,883","42.8%","673,504","44.1%","347,907","44.6%","183,711","43.1%","407,049","43.8%","81,037","47.4%","119,925","44.2%","189,351","47.2%","95,249","45.3%","557,686","42.5%","144,885","45.5%","1,225,917","42.4%","632,931","43.4%","46,915","44.8%","777,735","43.3%","249,058","44.3%","288,266","45.4%","917,388","43.0%","70,699","42.5%","336,659","44.2%","58,455","45.2%","432,213","43.9%","1,370,311","44.3%","136,056","46.1%","48,283","45.5%","503,525","44.0%","450,695","45.4%","147,094","44.8%","391,177","44.7%","38,212","47.3%","267,097","43.5%"
"        Female","421,962","56.8%","35,111","50.7%","578,126","54.0%","259,336","55.8%","2,779,925","55.9%","370,446","54.6%","316,763","57.1%","85,548","55.6%","44,664","59.4%","2,093,841","55.1%","706,391","56.7%","125,697","55.2%","123,621","53.0%","1,016,368","57.0%","531,319","56.5%","275,506","56.1%","232,083","55.9%","367,342","56.3%","358,638","56.6%","132,906","54.9%","467,570","57.0%","581,796","57.2%","854,194","55.9%","431,498","55.4%","242,921","56.9%","522,885","56.2%","89,831","52.6%","151,573","55.8%","211,504","52.8%","115,136","54.7%","754,605","57.5%","173,401","54.5%","1,667,884","57.6%","826,399","56.6%","57,830","55.2%","1,018,602","56.7%","312,827","55.7%","346,308","54.6%","1,215,859","57.0%","95,818","57.5%","425,021","55.8%","70,754","54.8%","552,236","56.1%","1,726,256","55.7%","159,286","53.9%","57,910","54.5%","641,292","56.0%","542,147","54.6%","181,030","55.2%","484,043","55.3%","42,495","52.7%","347,135","56.5%"
"RACE","","","","","","","","","","","","","","","","","","","","","","","","","","","","","","","","","","","","","","","","","","","","","","","","","","","","","","","","","","","","","","","","","","","","","","","","","","","","","","","","","","","","","","","","","","","","","","","","","","","","","","","",""
"    Total population","4,841,164","4,841,164","736,855","736,855","6,728,577","6,728,577","2,968,472","2,968,472","38,654,206","38,654,206","5,359,295","5,359,295","3,588,570","3,588,570","934,695","934,695","659,009","659,009","19,934,451","19,934,451","10,099,320","10,099,320","1,413,673","1,413,673","1,635,483","1,635,483","12,851,684","12,851,684","6,589,578","6,589,578","3,106,589","3,106,589","2,898,292","2,898,292","4,411,989","4,411,989","4,645,670","4,645,670","1,329,923","1,329,923","5,959,902","5,959,902","6,742,143","6,742,143","9,909,600","9,909,600","5,450,868","5,450,868","2,989,192","2,989,192","6,059,651","6,059,651","1,023,391","1,023,391","1,881,259","1,881,259","2,839,172","2,839,172","1,327,503","1,327,503","8,915,456","8,915,456","2,082,669","2,082,669","19,697,457","19,697,457","9,940,828","9,940,828","736,162","736,162","11,586,941","11,586,941","3,875,589","3,875,589","3,982,267","3,982,267","12,783,977","12,783,977","1,054,491","1,054,491","4,834,605","4,834,605","851,058","851,058","6,548,009","6,548,009","26,956,435","26,956,435","2,948,427","2,948,427","626,249","626,249","8,310,301","8,310,301","7,073,146","7,073,146","1,846,092","1,846,092","5,754,798","5,754,798","583,029","583,029","3,529,385","3,529,385"
"        One race","4,755,752","98.2%","674,515","91.5%","6,505,998","96.7%","2,902,393","97.8%","36,867,047","95.4%","5,175,560","96.6%","3,481,582","97.0%","908,864","97.2%","640,764","97.2%","19,439,083","97.5%","9,876,863","97.8%","1,077,044","76.2%","1,593,433","97.4%","12,551,462","97.7%","6,443,262","97.8%","3,045,295","98.0%","2,802,262","96.7%","4,319,152","97.9%","4,560,511","98.2%","1,302,797","98.0%","5,773,749","96.9%","6,539,129","97.0%","9,637,802","97.3%","5,302,366","97.3%","2,953,825","98.8%","5,911,610","97.6%","996,869","97.4%","1,837,606","97.7%","2,710,136","95.5%","1,302,597","98.1%","8,689,743","97.5%","2,014,872","96.7%","19,121,017","97.1%","9,697,458","97.6%","718,183","97.6%","11,288,764","97.4%","3,575,825","92.3%","3,806,726","95.6%","12,498,209","97.8%","1,024,433","97.1%","4,734,523","97.9%","828,819","97.4%","6,414,799","98.0%","26,283,035","97.5%","2,870,617","97.4%","614,080","98.1%","8,030,602","96.6%","6,695,443","94.7%","1,812,366","98.2%","5,628,875","97.8%","567,498","97.3%","3,264,621","92.5%"
"        Two or more races","85,412","1.8%","62,340","8.5%","222,579","3.3%","66,079","2.2%","1,787,159","4.6%","183,735","3.4%","106,988","3.0%","25,831","2.8%","18,245","2.8%","495,368","2.5%","222,457","2.2%","336,629","23.8%","42,050","2.6%","300,222","2.3%","146,316","2.2%","61,294","2.0%","96,030","3.3%","92,837","2.1%","85,159","1.8%","27,126","2.0%","186,153","3.1%","203,014","3.0%","271,798","2.7%","148,502","2.7%","35,367","1.2%","148,041","2.4%","26,522","2.6%","43,653","2.3%","129,036","4.5%","24,906","1.9%","225,713","2.5%","67,797","3.3%","576,440","2.9%","243,370","2.4%","17,979","2.4%","298,177","2.6%","299,764","7.7%","175,541","4.4%","285,768","2.2%","30,058","2.9%","100,082","2.1%","22,239","2.6%","133,210","2.0%","673,400","2.5%","77,810","2.6%","12,169","1.9%","279,699","3.4%","377,703","5.3%","33,726","1.8%","125,923","2.2%","15,531","2.7%","264,764","7.5%"
"    One race","4,755,752","98.2%","674,515","91.5%","6,505,998","96.7%","2,902,393","97.8%","36,867,047","95.4%","5,175,560","96.6%","3,481,582","97.0%","908,864","97.2%","640,764","97.2%","19,439,083","97.5%","9,876,863","97.8%","1,077,044","76.2%","1,593,433","97.4%","12,551,462","97.7%","6,443,262","97.8%","3,045,295","98.0%","2,802,262","96.7%","4,319,152","97.9%","4,560,511","98.2%","1,302,797","98.0%","5,773,749","96.9%","6,539,129","97.0%","9,637,802","97.3%","5,302,366","97.3%","2,953,825","98.8%","5,911,610","97.6%","996,869","97.4%","1,837,606","97.7%","2,710,136","95.5%","1,302,597","98.1%","8,689,743","97.5%","2,014,872","96.7%","19,121,017","97.1%","9,697,458","97.6%","718,183","97.6%","11,288,764","97.4%","3,575,825","92.3%","3,806,726","95.6%","12,498,209","97.8%","1,024,433","97.1%","4,734,523","97.9%","828,819","97.4%","6,414,799","98.0%","26,283,035","97.5%","2,870,617","97.4%","614,080","98.1%","8,030,602","96.6%","6,695,443","94.7%","1,812,366","98.2%","5,628,875","97.8%","567,498","97.3%","3,264,621","92.5%"
"        White","3,325,037","68.7%","483,518","65.6%","5,235,158","77.8%","2,307,136","77.7%","23,680,584","61.3%","4,517,058","84.3%","2,768,080","77.1%","647,002","69.2%","266,035","40.4%","15,130,748","75.9%","6,039,389","59.8%","353,643","25.0%","1,493,155","91.3%","9,270,907","72.1%","5,534,759","84.0%","2,823,890","90.9%","2,468,923","85.2%","3,859,516","87.5%","2,909,290","62.6%","1,260,476","94.8%","3,408,240","57.2%","5,343,665","79.3%","7,817,827","78.9%","4,597,525","84.3%","1,764,038","59.0%","5,000,875","82.5%","911,907","89.1%","1,655,708","88.0%","1,933,057","68.1%","1,243,594","93.7%","6,075,710","68.1%","1,530,636","73.5%","12,667,413","64.3%","6,882,915","69.2%","649,730","88.3%","9,519,506","82.2%","2,823,497","72.9%","3,387,825","85.1%","10,402,743","81.4%","854,026","81.0%","3,252,252","67.3%","721,410","84.8%","5,096,733","77.8%","20,174,403","74.8%","2,572,595","87.3%","592,965","94.7%","5,712,958","68.7%","5,470,566","77.3%","1,725,411","93.5%","4,961,193","86.2%","531,851","91.2%","2,448,085","69.4%"
"        Black or African American","1,282,053","26.5%","24,443","3.3%","287,110","4.3%","460,638","15.5%","2,261,835","5.9%","219,349","4.1%","372,696","10.4%","203,027","21.7%","318,598","48.3%","3,216,994","16.1%","3,148,134","31.2%","25,871","1.8%","10,433","0.6%","1,837,612","14.3%","608,226","9.2%","103,052","3.3%","167,706","5.8%","350,242","7.9%","1,494,201","32.2%","16,303","1.2%","1,765,926","29.6%","489,233","7.3%","1,376,446","13.9%","310,853","5.7%","1,121,327","37.5%","701,896","11.6%","4,260","0.4%","88,388","4.7%","243,552","8.6%","17,483","1.3%","1,207,221","13.5%","41,957","2.0%","3,073,278","15.6%","2,137,131","21.5%","14,761","2.0%","1,421,943","12.3%","281,295","7.3%","74,012","1.9%","1,410,563","11.0%","68,886","6.5%","1,322,368","27.4%","14,078","1.7%","1,100,577","16.8%","3,221,133","11.9%","32,512","1.1%","7,404","1.2%","1,596,352","19.2%","256,990","3.6%","63,305","3.4%","361,730","6.3%","6,435","1.1%","320,087","9.1%"
"        American Indian and Alaska Native","23,919","0.5%","103,574","14.1%","296,732","4.4%","18,697","0.6%","285,512","0.7%","50,160","0.9%","9,399","0.3%","3,494","0.4%","2,174","0.3%","52,904","0.3%","28,950","0.3%","2,715","0.2%","21,454","1.3%","29,399","0.2%","15,799","0.2%","9,951","0.3%","23,871","0.8%","9,052","0.2%","26,403","0.6%","8,013","0.6%","15,946","0.3%","13,931","0.2%","52,891","0.5%","56,904","1.0%","13,072","0.4%","25,641","0.4%","67,222","6.6%","15,739","0.8%","31,927","1.1%","2,085","0.2%","18,470","0.2%","193,295","9.3%","75,751","0.4%","117,479","1.2%","38,369","5.2%","21,459","0.2%","286,231","7.4%","45,233","1.1%","24,947","0.2%","5,130","0.5%","15,417","0.3%","74,187","8.7%","18,757","0.3%","128,145","0.5%","31,686","1.1%","1,984","0.3%","21,948","0.3%","94,026","1.3%","3,281","0.2%","51,459","0.9%","13,033","2.2%","11,814","0.3%"
"            Cherokee tribal grouping","8,651","0.2%","745","0.1%","3,049","0.0%","7,698","0.3%","19,707","0.1%","4,714","0.1%","532","0.0%","468","0.1%","292","0.0%","9,790","0.0%","6,630","0.1%","511","0.0%","1,361","0.1%","3,041","0.0%","3,628","0.1%","738","0.0%","5,349","0.2%","3,041","0.1%","2,678","0.1%","116","0.0%","1,849","0.0%","935","0.0%","3,336","0.0%","599","0.0%","732","0.0%","8,916","0.1%","559","0.1%","569","0.0%","1,236","0.0%","157","0.0%","1,272","0.0%","1,292","0.1%","3,635","0.0%","15,589","0.2%","267","0.0%","4,894","0.0%","110,276","2.8%","3,435","0.1%","3,096","0.0%","251","0.0%","3,205","0.1%","196","0.0%","5,859","0.1%","16,147","0.1%","743","0.0%","162","0.0%","3,564","0.0%","3,971","0.1%","1,557","0.1%","924","0.0%","134","0.0%","0","0.0%"
"            Chippewa tribal grouping","138","0.0%","570","0.1%","1,016","0.0%","189","0.0%","2,422","0.0%","1,042","0.0%","119","0.0%","17","0.0%","23","0.0%","1,031","0.0%","244","0.0%","10","0.0%","675","0.0%","1,532","0.0%","948","0.0%","366","0.0%","293","0.0%","488","0.0%","44","0.0%","127","0.0%","274","0.0%","229","0.0%","21,502","0.2%","35,144","0.6%","71","0.0%","533","0.0%","3,160","0.3%","139","0.0%","634","0.0%","40","0.0%","77","0.0%","551","0.0%","547","0.0%","891","0.0%","16,070","2.2%","544","0.0%","377","0.0%","1,497","0.0%","361","0.0%","19","0.0%","350","0.0%","727","0.1%","324","0.0%","928","0.0%","143","0.0%","41","0.0%","363","0.0%","2,325","0.0%","22","0.0%","15,939","0.3%","204","0.0%","0","0.0%"
"            Navajo tribal grouping","227","0.0%","302","0.0%","146,679","2.2%","155","0.0%","8,784","0.0%","7,209","0.1%","41","0.0%","44","0.0%","46","0.0%","346","0.0%","307","0.0%","247","0.0%","668","0.0%","347","0.0%","306","0.0%","158","0.0%","1,117","0.0%","343","0.0%","353","0.0%","37","0.0%","406","0.0%","206","0.0%","249","0.0%","172","0.0%","196","0.0%","256","0.0%","628","0.1%","241","0.0%","1,967","0.1%","20","0.0%","176","0.0%","115,630","5.6%","329","0.0%","572","0.0%","252","0.0%","617","0.0%","1,182","0.0%","432","0.0%","264","0.0%","11","0.0%","197","0.0%","350","0.0%","181","0.0%","3,908","0.0%","15,406","0.5%","0","0.0%","387","0.0%","1,467","0.0%","15","0.0%","234","0.0%","502","0.1%","8","0.0%"
"            Sioux tribal grouping","252","0.0%","429","0.1%","1,795","0.0%","349","0.0%","4,389","0.0%","3,183","0.1%","59","0.0%","0","0.0%","70","0.0%","1,107","0.0%","287","0.0%","51","0.0%","769","0.0%","999","0.0%","531","0.0%","1,387","0.0%","1,016","0.0%","304","0.0%","248","0.0%","101","0.0%","195","0.0%","144","0.0%","568","0.0%","5,728","0.1%","25","0.0%","995","0.0%","5,283","0.5%","4,857","0.3%","759","0.0%","46","0.0%","104","0.0%","1,012","0.0%","309","0.0%","690","0.0%","10,873","1.5%","768","0.0%","1,083","0.0%","1,128","0.0%","635","0.0%","11","0.0%","357","0.0%","63,626","7.5%","514","0.0%","2,226","0.0%","779","0.0%","41","0.0%","427","0.0%","2,730","0.0%","125","0.0%","707","0.0%","909","0.2%","0","0.0%"
"        Asian","60,744","1.3%","44,218","6.0%","205,229","3.1%","41,539","1.4%","5,354,608","13.9%","157,523","2.9%","152,782","4.3%","34,428","3.7%","24,036","3.6%","521,272","2.6%","373,983","3.7%","537,363","38.0%","21,630","1.3%","655,799","5.1%","130,232","2.0%","66,570","2.1%","77,605","2.7%","57,084","1.3%","78,719","1.7%","14,643","1.1%","362,259","6.1%","411,736","6.1%","276,769","2.8%","246,819","4.5%","28,562","1.0%","107,953","1.8%","7,481","0.7%","39,794","2.1%","222,612","7.8%","32,094","2.4%","819,208","9.2%","29,168","1.4%","1,599,216","8.1%","254,550","2.6%","9,296","1.3%","224,520","1.9%","77,541","2.0%","160,155","4.0%","401,979","3.1%","34,598","3.3%","68,553","1.4%","11,351","1.3%","105,368","1.6%","1,175,423","4.4%","66,039","2.2%","9,212","1.5%","502,878","6.1%","552,032","7.8%","13,990","0.8%","148,077","2.6%","5,385","0.9%","9,574","0.3%"
"            Asian Indian","12,459","0.3%","835","0.1%","47,138","0.7%","10,589","0.4%","666,480","1.7%","25,735","0.5%","56,657","1.6%","13,648","1.5%","5,765","0.9%","143,020","0.7%","121,008","1.2%","2,507","0.2%","2,345","0.1%","224,090","1.7%","35,053","0.5%","13,073","0.4%","15,714","0.5%","13,605","0.3%","10,584","0.2%","1,694","0.1%","91,149","1.5%","93,441","1.4%","95,353","1.0%","40,846","0.7%","6,047","0.2%","25,584","0.4%","407","0.0%","7,052","0.4%","11,121","0.4%","9,346","0.7%","349,901","3.9%","3,908","0.2%","358,647","1.8%","76,306","0.8%","1,731","0.2%","73,098","0.6%","13,421","0.3%","20,307","0.5%","120,516","0.9%","5,971","0.6%","15,605","0.3%","1,055","0.1%","27,289","0.4%","331,510","1.2%","8,632","0.3%","1,402","0.2%","125,396","1.5%","88,139","1.2%","3,238","0.2%","27,326","0.5%","704","0.1%","6,271","0.2%"
"            Chinese","12,280","0.3%","2,122","0.3%","39,216","0.6%","6,663","0.2%","1,437,701","3.7%","31,920","0.6%","35,250","1.0%","8,801","0.9%","6,345","1.0%","93,333","0.5%","56,604","0.6%","55,366","3.9%","4,738","0.3%","125,760","1.0%","32,462","0.5%","13,419","0.4%","13,215","0.5%","9,631","0.2%","12,383","0.3%","3,801","0.3%","82,300","1.4%","153,605","2.3%","54,701","0.6%","29,121","0.5%","5,420","0.2%","24,735","0.4%","1,887","0.2%","6,378","0.3%","34,847","1.2%","7,240","0.5%","151,206","1.7%","6,249","0.3%","677,322","3.4%","44,040","0.4%","1,794","0.2%","54,350","0.5%","11,298","0.3%","37,895","1.0%","103,565","0.8%","8,694","0.8%","13,516","0.3%","2,143","0.3%","17,221","0.3%","195,903","0.7%","13,831","0.5%","2,167","0.3%","71,837","0.9%","118,195","1.7%","3,461","0.2%","22,082","0.4%","1,068","0.2%","1,765","0.1%"
"            Filipino","5,891","0.1%","24,824","3.4%","37,832","0.6%","4,699","0.2%","1,255,672","3.2%","14,538","0.3%","13,230","0.4%","3,491","0.4%","3,015","0.5%","99,035","0.5%","21,927","0.2%","209,323","14.8%","4,086","0.2%","119,344","0.9%","12,750","0.2%","4,099","0.1%","5,408","0.2%","5,633","0.1%","7,350","0.2%","2,006","0.2%","47,526","0.8%","12,772","0.2%","24,190","0.2%","10,250","0.2%","3,914","0.1%","12,288","0.2%","1,307","0.1%","2,260","0.1%","116,313","4.1%","2,584","0.2%","117,521","1.3%","6,396","0.3%","113,583","0.6%","21,303","0.2%","1,686","0.2%","16,745","0.1%","6,428","0.2%","17,466","0.4%","24,536","0.2%","2,957","0.3%","11,228","0.2%","1,396","0.2%","10,918","0.2%","122,973","0.5%","6,804","0.2%","689","0.1%","72,606","0.9%","95,420","1.3%","2,461","0.1%","8,825","0.2%","1,313","0.2%","153","0.0%"
"            Japanese","2,048","0.0%","1,485","0.2%","9,997","0.1%","955","0.0%","274,797","0.7%","11,766","0.2%","3,986","0.1%","441","0.0%","1,288","0.2%","13,918","0.1%","8,879","0.1%","181,998","12.9%","2,926","0.2%","18,355","0.1%","5,021","0.1%","1,451","0.0%","2,035","0.1%","4,428","0.1%","1,509","0.0%","571","0.0%","7,302","0.1%","10,259","0.2%","11,663","0.1%","3,976","0.1%","1,402","0.0%","3,011","0.0%","918","0.1%","1,506","0.1%","10,079","0.4%","877","0.1%","13,501","0.2%","1,982","0.1%","38,222","0.2%","6,225","0.1%","269","0.0%","10,127","0.1%","2,469","0.1%","13,386","0.3%","6,902","0.1%","975","0.1%","2,291","0.0%","253","0.0%","4,870","0.1%","21,211","0.1%","6,883","0.2%","385","0.1%","11,434","0.1%","37,643","0.5%","616","0.0%","2,892","0.1%","594","0.1%","210","0.0%"
"            Korean","11,068","0.2%","4,697","0.6%","15,407","0.2%","2,153","0.1%","461,305","1.2%","21,340","0.4%","10,110","0.3%","2,289","0.2%","2,558","0.4%","28,627","0.1%","54,563","0.5%","22,924","1.6%","1,727","0.1%","59,726","0.5%","10,345","0.2%","6,124","0.2%","5,665","0.2%","4,829","0.1%","4,003","0.1%","1,102","0.1%","49,159","0.8%","24,687","0.4%","25,559","0.3%","15,977","0.3%","2,012","0.1%","9,393","0.2%","1,435","0.1%","2,867","0.2%","13,870","0.5%","2,389","0.2%","97,161","1.1%","1,925","0.1%","130,859","0.7%","19,736","0.2%","507","0.1%","16,074","0.1%","6,386","0.2%","15,582","0.4%","40,258","0.3%","1,725","0.2%","6,033","0.1%","1,007","0.1%","11,159","0.2%","70,883","0.3%","6,332","0.2%","1,057","0.2%","69,101","0.8%","62,911","0.9%","1,245","0.1%","8,821","0.2%","508","0.1%","72","0.0%"
"            Vietnamese","8,833","0.2%","1,134","0.2%","28,256","0.4%","5,503","0.2%","632,607","1.6%","22,770","0.4%","8,529","0.2%","1,667","0.2%","1,751","0.3%","70,628","0.4%","51,523","0.5%","10,766","0.8%","1,718","0.1%","25,856","0.2%","8,302","0.1%","9,501","0.3%","15,572","0.5%","5,789","0.1%","33,534","0.7%","2,241","0.2%","27,077","0.5%","46,711","0.7%","17,271","0.2%","27,575","0.5%","6,763","0.2%","15,960","0.3%","435","0.0%","8,717","0.5%","11,435","0.4%","2,033","0.2%","22,543","0.3%","4,628","0.2%","29,899","0.2%","33,214","0.3%","745","0.1%","15,074","0.1%","19,801","0.5%","27,950","0.7%","42,515","0.3%","2,267","0.2%","7,535","0.2%","878","0.1%","11,719","0.2%","242,524","0.9%","7,840","0.3%","923","0.1%","60,174","0.7%","71,547","1.0%","1,287","0.1%","5,323","0.1%","417","0.1%","367","0.0%"
"            Other Asian","8,165","0.2%","9,121","1.2%","27,383","0.4%","10,977","0.4%","626,046","1.6%","29,454","0.5%","25,020","0.7%","4,091","0.4%","3,314","0.5%","72,711","0.4%","59,479","0.6%","54,479","3.9%","4,090","0.3%","82,668","0.6%","26,299","0.4%","18,903","0.6%","19,996","0.7%","13,169","0.3%","9,356","0.2%","3,228","0.2%","57,746","1.0%","70,261","1.0%","48,032","0.5%","119,074","2.2%","3,004","0.1%","16,982","0.3%","1,092","0.1%","11,014","0.6%","24,947","0.9%","7,625","0.6%","67,375","0.8%","4,080","0.2%","250,684","1.3%","53,726","0.5%","2,564","0.3%","39,052","0.3%","17,738","0.5%","27,569","0.7%","63,687","0.5%","12,009","1.1%","12,345","0.3%","4,619","0.5%","22,192","0.3%","190,419","0.7%","15,717","0.5%","2,589","0.4%","92,330","1.1%","78,177","1.1%","1,682","0.1%","72,808","1.3%","781","0.1%","736","0.0%"
"        Native Hawaiian and Other Pacific Islander","2,008","0.0%","8,862","1.2%","12,863","0.2%","6,738","0.2%","150,908","0.4%","7,441","0.1%","1,031","0.0%","461","0.0%","271","0.0%","11,288","0.1%","4,916","0.0%","143,973","10.2%","2,003","0.1%","4,186","0.0%","2,746","0.0%","2,422","0.1%","1,874","0.1%","2,584","0.1%","1,464","0.0%","211","0.0%","2,792","0.0%","2,002","0.0%","2,492","0.0%","1,969","0.0%","492","0.0%","6,479","0.1%","841","0.1%","1,305","0.1%","18,334","0.6%","229","0.0%","2,811","0.0%","1,340","0.1%","7,528","0.0%","6,588","0.1%","336","0.0%","3,248","0.0%","4,969","0.1%","14,936","0.4%","4,463","0.0%","575","0.1%","2,784","0.1%","313","0.0%","3,299","0.1%","22,248","0.1%","26,411","0.9%","206","0.0%","5,494","0.1%","44,870","0.6%","648","0.0%","1,378","0.0%","391","0.1%","182","0.0%"
"            Native Hawaiian","425","0.0%","1,548","0.2%","4,123","0.1%","439","0.0%","22,615","0.1%","2,437","0.0%","200","0.0%","117","0.0%","49","0.0%","3,248","0.0%","1,339","0.0%","90,054","6.4%","580","0.0%","1,369","0.0%","816","0.0%","749","0.0%","369","0.0%","693","0.0%","433","0.0%","49","0.0%","790","0.0%","631","0.0%","1,081","0.0%","614","0.0%","147","0.0%","1,835","0.0%","591","0.1%","423","0.0%","6,974","0.2%","86","0.0%","760","0.0%","542","0.0%","2,165","0.0%","2,095","0.0%","127","0.0%","1,199","0.0%","1,079","0.0%","3,887","0.1%","1,785","0.0%","111","0.0%","520","0.0%","62","0.0%","828","0.0%","6,599","0.0%","2,157","0.1%","107","0.0%","1,531","0.0%","6,924","0.1%","294","0.0%","466","0.0%","46","0.0%","85","0.0%"
"            Guamanian or Chamorro","924","0.0%","481","0.1%","2,129","0.0%","96","0.0%","24,793","0.1%","1,456","0.0%","293","0.0%","219","0.0%","116","0.0%","3,481","0.0%","745","0.0%","2,866","0.2%","287","0.0%","1,238","0.0%","760","0.0%","236","0.0%","447","0.0%","444","0.0%","411","0.0%","94","0.0%","707","0.0%","471","0.0%","393","0.0%","275","0.0%","112","0.0%","917","0.0%","75","0.0%","311","0.0%","4,131","0.1%","84","0.0%","683","0.0%","160","0.0%","987","0.0%","1,486","0.0%","113","0.0%","553","0.0%","677","0.0%","1,430","0.0%","453","0.0%","220","0.0%","865","0.0%","109","0.0%","725","0.0%","5,673","0.0%","348","0.0%","39","0.0%","1,934","0.0%","10,063","0.1%","45","0.0%","366","0.0%","161","0.0%","24","0.0%"
"            Samoan","181","0.0%","5,104","0.7%","1,938","0.0%","338","0.0%","39,714","0.1%","1,496","0.0%","163","0.0%","30","0.0%","76","0.0%","1,469","0.0%","1,297","0.0%","15,472","1.1%","241","0.0%","491","0.0%","565","0.0%","243","0.0%","426","0.0%","579","0.0%","198","0.0%","30","0.0%","362","0.0%","264","0.0%","381","0.0%","373","0.0%","73","0.0%","1,261","0.0%","61","0.0%","134","0.0%","4,039","0.1%","36","0.0%","265","0.0%","186","0.0%","745","0.0%","637","0.0%","47","0.0%","416","0.0%","335","0.0%","1,948","0.0%","461","0.0%","69","0.0%","311","0.0%","55","0.0%","816","0.0%","3,615","0.0%","8,891","0.3%","5","0.0%","924","0.0%","12,976","0.2%","141","0.0%","252","0.0%","140","0.0%","52","0.0%"
"            Other Pacific Islander","478","0.0%","1,729","0.2%","4,673","0.1%","5,865","0.2%","63,786","0.2%","2,052","0.0%","375","0.0%","95","0.0%","30","0.0%","3,090","0.0%","1,535","0.0%","35,581","2.5%","895","0.1%","1,088","0.0%","605","0.0%","1,194","0.0%","632","0.0%","868","0.0%","422","0.0%","38","0.0%","933","0.0%","636","0.0%","637","0.0%","707","0.0%","160","0.0%","2,466","0.0%","114","0.0%","437","0.0%","3,190","0.1%","23","0.0%","1,103","0.0%","452","0.0%","3,631","0.0%","2,370","0.0%","49","0.0%","1,080","0.0%","2,878","0.1%","7,671","0.2%","1,764","0.0%","175","0.0%","1,088","0.0%","87","0.0%","930","0.0%","6,361","0.0%","15,015","0.5%","55","0.0%","1,105","0.0%","14,907","0.2%","168","0.0%","294","0.0%","44","0.0%","21","0.0%"
"        Some other race","61,991","1.3%","9,900","1.3%","468,906","7.0%","67,645","2.3%","5,133,600","13.3%","224,029","4.2%","177,594","4.9%","20,452","2.2%","29,650","4.5%","505,877","2.5%","281,491","2.8%","13,479","1.0%","44,758","2.7%","753,559","5.9%","151,500","2.3%","39,410","1.3%","62,283","2.1%","40,674","0.9%","50,434","1.1%","3,151","0.2%","218,586","3.7%","278,562","4.1%","111,377","1.1%","88,296","1.6%","26,334","0.9%","68,766","1.1%","5,158","0.5%","36,672","1.9%","260,654","9.2%","7,112","0.5%","566,323","6.4%","218,476","10.5%","1,697,831","8.6%","298,795","3.0%","5,691","0.8%","98,088","0.8%","102,292","2.6%","124,565","3.1%","253,514","2.0%","61,218","5.8%","73,149","1.5%","7,480","0.9%","90,065","1.4%","1,561,683","5.8%","141,374","4.8%","2,309","0.4%","190,972","2.3%","276,959","3.9%","5,731","0.3%","105,038","1.8%","10,403","1.8%","474,879","13.5%"
"    Two or more races","85,412","1.8%","62,340","8.5%","222,579","3.3%","66,079","2.2%","1,787,159","4.6%","183,735","3.4%","106,988","3.0%","25,831","2.8%","18,245","2.8%","495,368","2.5%","222,457","2.2%","336,629","23.8%","42,050","2.6%","300,222","2.3%","146,316","2.2%","61,294","2.0%","96,030","3.3%","92,837","2.1%","85,159","1.8%","27,126","2.0%","186,153","3.1%","203,014","3.0%","271,798","2.7%","148,502","2.7%","35,367","1.2%","148,041","2.4%","26,522","2.6%","43,653","2.3%","129,036","4.5%","24,906","1.9%","225,713","2.5%","67,797","3.3%","576,440","2.9%","243,370","2.4%","17,979","2.4%","298,177","2.6%","299,764","7.7%","175,541","4.4%","285,768","2.2%","30,058","2.9%","100,082","2.1%","22,239","2.6%","133,210","2.0%","673,400","2.5%","77,810","2.6%","12,169","1.9%","279,699","3.4%","377,703","5.3%","33,726","1.8%","125,923","2.2%","15,531","2.7%","264,764","7.5%"
"        White and Black or African American","27,253","0.6%","7,319","1.0%","46,143","0.7%","17,729","0.6%","245,814","0.6%","36,356","0.7%","31,611","0.9%","11,812","1.3%","4,334","0.7%","163,448","0.8%","78,684","0.8%","5,377","0.4%","5,445","0.3%","90,640","0.7%","63,917","1.0%","26,231","0.8%","31,997","1.1%","43,971","1.0%","29,548","0.6%","5,477","0.4%","61,501","1.0%","84,659","1.3%","95,860","1.0%","49,360","0.9%","14,348","0.5%","50,736","0.8%","3,760","0.4%","15,010","0.8%","25,707","0.9%","6,309","0.5%","67,869","0.8%","8,767","0.4%","158,859","0.8%","87,287","0.9%","3,309","0.4%","139,975","1.2%","35,212","0.9%","23,398","0.6%","119,694","0.9%","9,071","0.9%","40,812","0.8%","4,483","0.5%","48,914","0.7%","166,393","0.6%","11,141","0.4%","2,151","0.3%","88,401","1.1%","71,097","1.0%","12,437","0.7%","43,149","0.7%","2,734","0.5%","225,808","6.4%"
"        White and American Indian and Alaska Native","27,620","0.6%","32,356","4.4%","48,598","0.7%","27,680","0.9%","285,119","0.7%","42,153","0.8%","12,709","0.4%","2,534","0.3%","1,250","0.2%","71,550","0.4%","30,855","0.3%","9,604","0.7%","14,950","0.9%","40,527","0.3%","27,343","0.4%","12,191","0.4%","28,419","1.0%","17,760","0.4%","20,632","0.4%","12,773","1.0%","18,985","0.3%","20,610","0.3%","62,716","0.6%","34,297","0.6%","7,199","0.2%","39,692","0.7%","14,438","1.4%","10,395","0.6%","15,884","0.6%","7,104","0.5%","18,213","0.2%","16,344","0.8%","57,867","0.3%","41,303","0.4%","8,610","1.2%","49,619","0.4%","195,762","5.1%","65,540","1.6%","37,348","0.3%","3,843","0.4%","18,415","0.4%","11,538","1.4%","36,145","0.6%","142,519","0.5%","14,466","0.5%","5,323","0.8%","31,080","0.4%","82,841","1.2%","11,997","0.6%","30,652","0.5%","7,039","1.2%","3,624","0.1%"
"        White and Asian","11,341","0.2%","7,883","1.1%","41,651","0.6%","6,927","0.2%","505,122","1.3%","40,748","0.8%","18,835","0.5%","3,679","0.4%","5,512","0.8%","85,800","0.4%","36,467","0.4%","72,398","5.1%","10,524","0.6%","67,613","0.5%","20,985","0.3%","11,583","0.4%","13,075","0.5%","12,234","0.3%","9,975","0.2%","5,395","0.4%","41,619","0.7%","40,477","0.6%","45,316","0.5%","33,172","0.6%","4,870","0.2%","22,911","0.4%","3,525","0.3%","7,754","0.4%","32,938","1.2%","6,358","0.5%","45,048","0.5%","9,707","0.5%","105,028","0.5%","35,376","0.4%","2,527","0.3%","42,070","0.4%","15,512","0.4%","41,457","1.0%","44,642","0.3%","4,573","0.4%","13,775","0.3%","2,144","0.3%","18,782","0.3%","118,773","0.4%","19,974","0.7%","2,782","0.4%","75,149","0.9%","106,595","1.5%","3,623","0.2%","20,629","0.4%","1,887","0.3%","619","0.0%"
"        Black or African American and American Indian and Alaska Native","3,752","0.1%","1,924","0.3%","6,752","0.1%","1,793","0.1%","39,246","0.1%","3,990","0.1%","5,352","0.1%","1,532","0.2%","1,247","0.2%","11,756","0.1%","10,052","0.1%","1,404","0.1%","341","0.0%","9,820","0.1%","3,427","0.1%","1,170","0.0%","3,048","0.1%","2,245","0.1%","4,684","0.1%","317","0.0%","11,795","0.2%","4,538","0.1%","13,227","0.1%","3,869","0.1%","1,698","0.1%","5,731","0.1%","432","0.0%","1,357","0.1%","2,704","0.1%","304","0.0%","8,707","0.1%","1,942","0.1%","21,958","0.1%","17,960","0.2%","328","0.0%","11,565","0.1%","18,966","0.5%","2,151","0.1%","12,680","0.1%","2,306","0.2%","5,672","0.1%","706","0.1%","3,565","0.1%","22,989","0.1%","707","0.0%","177","0.0%","12,917","0.2%","8,619","0.1%","1,049","0.1%","3,687","0.1%","144","0.0%","1,456","0.0%"
"    Race alone or in combination with one or more other races","","","","","","","","","","","","","","","","","","","","","","","","","","","","","","","","","","","","","","","","","","","","","","","","","","","","","","","","","","","","","","","","","","","","","","","","","","","","","","","","","","","","","","","","","","","","","","","","","","","","","","","",""
"        Total population","4,841,164","4,841,164","736,855","736,855","6,728,577","6,728,577","2,968,472","2,968,472","38,654,206","38,654,206","5,359,295","5,359,295","3,588,570","3,588,570","934,695","934,695","659,009","659,009","19,934,451","19,934,451","10,099,320","10,099,320","1,413,673","1,413,673","1,635,483","1,635,483","12,851,684","12,851,684","6,589,578","6,589,578","3,106,589","3,106,589","2,898,292","2,898,292","4,411,989","4,411,989","4,645,670","4,645,670","1,329,923","1,329,923","5,959,902","5,959,902","6,742,143","6,742,143","9,909,600","9,909,600","5,450,868","5,450,868","2,989,192","2,989,192","6,059,651","6,059,651","1,023,391","1,023,391","1,881,259","1,881,259","2,839,172","2,839,172","1,327,503","1,327,503","8,915,456","8,915,456","2,082,669","2,082,669","19,697,457","19,697,457","9,940,828","9,940,828","736,162","736,162","11,586,941","11,586,941","3,875,589","3,875,589","3,982,267","3,982,267","12,783,977","12,783,977","1,054,491","1,054,491","4,834,605","4,834,605","851,058","851,058","6,548,009","6,548,009","26,956,435","26,956,435","2,948,427","2,948,427","626,249","626,249","8,310,301","8,310,301","7,073,146","7,073,146","1,846,092","1,846,092","5,754,798","5,754,798","583,029","583,029","3,529,385","3,529,385"
"            White","3,400,118","70.2%","538,969","73.1%","5,424,677","80.6%","2,367,649","79.8%","25,159,975","65.1%","4,680,304","87.3%","2,854,220","79.5%","668,801","71.6%","279,981","42.5%","15,545,681","78.0%","6,220,737","61.6%","603,260","42.7%","1,532,734","93.7%","9,527,064","74.1%","5,668,710","86.0%","2,881,780","92.8%","2,556,975","88.2%","3,944,886","89.4%","2,983,369","64.2%","1,286,400","96.7%","3,557,592","59.7%","5,522,528","81.9%","8,060,339","81.3%","4,733,097","86.8%","1,794,926","60.0%","5,134,072","84.7%","936,991","91.6%","1,695,681","90.1%","2,036,906","71.7%","1,266,943","95.4%","6,251,613","70.1%","1,585,210","76.1%","13,108,709","66.6%","7,087,472","71.3%","666,676","90.6%","9,789,856","84.5%","3,095,795","79.9%","3,549,514","89.1%","10,648,247","83.3%","876,862","83.2%","3,338,164","69.0%","742,183","87.2%","5,218,121","79.7%","20,750,895","77.0%","2,643,710","89.7%","604,449","96.5%","5,949,652","71.6%","5,803,653","82.1%","1,756,930","95.2%","5,076,147","88.2%","546,173","93.7%","2,703,964","76.6%"
"            Black or African American","1,320,276","27.3%","37,800","5.1%","358,764","5.3%","484,170","16.3%","2,723,286","7.0%","275,390","5.1%","427,743","11.9%","220,122","23.6%","327,316","49.7%","3,461,407","17.4%","3,271,240","32.4%","46,376","3.3%","17,717","1.1%","1,968,530","15.3%","686,078","10.4%","133,938","4.3%","210,276","7.3%","404,697","9.2%","1,539,681","33.1%","23,322","1.8%","1,868,805","31.4%","599,429","8.9%","1,510,824","15.2%","375,691","6.9%","1,141,232","38.2%","770,500","12.7%","9,498","0.9%","107,845","5.7%","286,350","10.1%","25,705","1.9%","1,320,790","14.8%","56,977","2.7%","3,356,579","17.0%","2,273,010","22.9%","19,443","2.6%","1,600,622","13.8%","349,542","9.0%","108,436","2.7%","1,577,690","12.3%","84,942","8.1%","1,379,227","28.5%","20,025","2.4%","1,163,162","17.8%","3,474,270","12.9%","47,984","1.6%","10,504","1.7%","1,732,611","20.8%","370,996","5.2%","79,041","4.3%","418,639","7.3%","10,117","1.7%","565,829","16.0%"
"            American Indian and Alaska Native","58,977","1.2%","143,587","19.5%","369,109","5.5%","50,855","1.7%","728,094","1.9%","109,844","2.0%","35,617","1.0%","9,266","1.0%","6,170","0.9%","159,640","0.8%","84,912","0.8%","32,621","2.3%","39,372","2.4%","95,706","0.7%","52,854","0.8%","25,590","0.8%","60,659","2.1%","32,447","0.7%","59,221","1.3%","22,284","1.7%","61,490","1.0%","47,859","0.7%","146,067","1.5%","103,345","1.9%","23,739","0.8%","78,580","1.3%","83,614","8.2%","30,002","1.6%","57,287","2.0%","10,890","0.8%","60,563","0.7%","217,890","10.5%","200,677","1.0%","194,472","2.0%","48,021","6.5%","99,097","0.9%","516,670","13.3%","123,385","3.1%","94,287","0.7%","13,483","1.3%","44,677","0.9%","87,437","10.3%","64,236","1.0%","328,743","1.2%","51,286","1.7%","8,202","1.3%","82,256","1.0%","212,011","3.0%","18,238","1.0%","93,303","1.6%","21,137","3.6%","30,509","0.9%"
"            Asian","77,731","1.6%","58,279","7.9%","268,095","4.0%","51,277","1.7%","6,122,435","15.8%","213,955","4.0%","179,291","5.0%","40,276","4.3%","32,063","4.9%","662,401","3.3%","433,946","4.3%","798,943","56.5%","34,787","2.1%","748,729","5.8%","157,549","2.4%","80,648","2.6%","95,785","3.3%","73,037","1.7%","93,947","2.0%","21,262","1.6%","424,925","7.1%","465,476","6.9%","336,081","3.4%","289,804","5.3%","36,036","1.2%","139,411","2.3%","12,642","1.2%","49,865","2.7%","280,498","9.9%","39,774","3.0%","892,474","10.0%","46,392","2.2%","1,770,270","9.0%","307,524","3.1%","12,497","1.7%","281,256","2.4%","100,332","2.6%","217,489","5.5%","465,483","3.6%","41,078","3.9%","88,898","1.8%","14,449","1.7%","132,015","2.0%","1,352,928","5.0%","93,729","3.2%","12,537","2.0%","608,265","7.3%","705,221","10.0%","18,835","1.0%","175,007","3.0%","8,206","1.4%","11,760","0.3%"
"            Native Hawaiian and Other Pacific Islander","4,858","0.1%","13,301","1.8%","28,637","0.4%","9,295","0.3%","305,202","0.8%","17,437","0.3%","4,222","0.1%","1,442","0.2%","1,073","0.2%","38,991","0.2%","14,290","0.1%","370,009","26.2%","5,269","0.3%","13,854","0.1%","6,699","0.1%","4,195","0.1%","5,019","0.2%","5,077","0.1%","3,905","0.1%","1,202","0.1%","10,233","0.2%","9,509","0.1%","10,076","0.1%","7,448","0.1%","2,014","0.1%","13,045","0.2%","2,333","0.2%","3,408","0.2%","37,102","1.3%","1,167","0.1%","11,909","0.1%","3,568","0.2%","28,765","0.1%","15,508","0.2%","1,234","0.2%","10,812","0.1%","9,237","0.2%","30,528","0.8%","15,038","0.1%","2,136","0.2%","5,717","0.1%","1,221","0.1%","8,900","0.1%","48,675","0.2%","41,349","1.4%","686","0.1%","17,364","0.2%","82,547","1.2%","1,714","0.1%","5,528","0.1%","1,399","0.2%","577","0.0%"
"            Some other race","69,651","1.4%","13,314","1.8%","521,066","7.7%","74,607","2.5%","5,575,498","14.4%","262,658","4.9%","204,447","5.7%","23,261","2.5%","32,622","5.0%","602,835","3.0%","316,703","3.1%","33,837","2.4%","50,615","3.1%","818,644","6.4%","172,009","2.6%","45,138","1.5%","72,762","2.5%","50,405","1.1%","60,615","1.3%","4,150","0.3%","242,195","4.1%","314,493","4.7%","139,513","1.4%","101,105","1.9%","29,429","1.0%","82,245","1.4%","6,719","0.7%","41,453","2.2%","284,299","10.0%","9,756","0.7%","624,673","7.0%","244,641","11.7%","1,864,170","9.5%","329,774","3.3%","7,238","1.0%","126,039","1.1%","119,449","3.1%","143,936","3.6%","294,130","2.3%","68,656","6.5%","84,843","1.8%","8,998","1.1%","103,505","1.6%","1,721,788","6.4%","155,637","5.3%","2,859","0.5%","224,988","2.7%","318,482","4.5%","7,406","0.4%","121,328","2.1%","12,603","2.2%","495,676","14.0%"
"HISPANIC OR LATINO AND RACE","","","","","","","","","","","","","","","","","","","","","","","","","","","","","","","","","","","","","","","","","","","","","","","","","","","","","","","","","","","","","","","","","","","","","","","","","","","","","","","","","","","","","","","","","","","","","","","","","","","","","","","",""
"    Total population","4,841,164","4,841,164","736,855","736,855","6,728,577","6,728,577","2,968,472","2,968,472","38,654,206","38,654,206","5,359,295","5,359,295","3,588,570","3,588,570","934,695","934,695","659,009","659,009","19,934,451","19,934,451","10,099,320","10,099,320","1,413,673","1,413,673","1,635,483","1,635,483","12,851,684","12,851,684","6,589,578","6,589,578","3,106,589","3,106,589","2,898,292","2,898,292","4,411,989","4,411,989","4,645,670","4,645,670","1,329,923","1,329,923","5,959,902","5,959,902","6,742,143","6,742,143","9,909,600","9,909,600","5,450,868","5,450,868","2,989,192","2,989,192","6,059,651","6,059,651","1,023,391","1,023,391","1,881,259","1,881,259","2,839,172","2,839,172","1,327,503","1,327,503","8,915,456","8,915,456","2,082,669","2,082,669","19,697,457","19,697,457","9,940,828","9,940,828","736,162","736,162","11,586,941","11,586,941","3,875,589","3,875,589","3,982,267","3,982,267","12,783,977","12,783,977","1,054,491","1,054,491","4,834,605","4,834,605","851,058","851,058","6,548,009","6,548,009","26,956,435","26,956,435","2,948,427","2,948,427","626,249","626,249","8,310,301","8,310,301","7,073,146","7,073,146","1,846,092","1,846,092","5,754,798","5,754,798","583,029","583,029","3,529,385","3,529,385"
"        Hispanic or Latino (of any race)","193,503","4.0%","49,031","6.7%","2,054,849","30.5%","207,049","7.0%","14,903,982","38.6%","1,132,292","21.1%","537,728","15.0%","82,662","8.8%","69,106","10.5%","4,806,854","24.1%","926,990","9.2%","141,827","10.0%","195,589","12.0%","2,136,474","16.6%","429,522","6.5%","172,707","5.6%","327,739","11.3%","146,945","3.3%","223,408","4.8%","19,772","1.5%","550,146","9.2%","731,739","10.9%","474,381","4.8%","276,026","5.1%","86,704","2.9%","237,284","3.9%","34,841","3.4%","191,802","10.2%","790,497","27.8%","43,500","3.3%","1,719,831","19.3%","995,831","47.8%","3,661,929","18.6%","884,763","8.9%","22,997","3.1%","400,932","3.5%","381,467","9.8%","494,806","12.4%","843,164","6.6%","148,375","14.1%","258,361","5.3%","29,187","3.4%","327,345","5.0%","10,413,150","38.6%","397,915","13.5%","10,900","1.7%","725,092","8.7%","854,275","12.1%","26,247","1.4%","371,205","6.5%","56,386","9.7%","3,492,166","98.9%"
"            Mexican","124,935","2.6%","26,187","3.6%","1,845,058","27.4%","154,215","5.2%","12,400,437","32.1%","835,310","15.6%","56,038","1.6%","32,243","3.4%","11,378","1.7%","676,551","3.4%","551,102","5.5%","42,186","3.0%","169,882","10.4%","1,693,104","13.2%","320,661","4.9%","134,532","4.3%","273,150","9.4%","85,029","1.9%","90,637","2.0%","5,679","0.4%","96,502","1.6%","45,175","0.7%","349,202","3.5%","192,523","3.5%","54,311","1.8%","163,235","2.7%","24,414","2.4%","145,976","7.8%","603,694","21.3%","9,642","0.7%","238,309","2.7%","647,941","31.1%","475,579","2.4%","525,071","5.3%","16,378","2.2%","192,026","1.7%","315,277","8.1%","416,105","10.4%","146,348","1.1%","10,654","1.0%","145,551","3.0%","18,918","2.2%","210,364","3.2%","9,060,076","33.6%","291,895","9.9%","3,480","0.6%","171,758","2.1%","687,634","9.7%","11,585","0.6%","269,628","4.7%","42,915","7.4%","12,419","0.4%"
"            Puerto Rican","16,391","0.3%","7,061","1.0%","41,598","0.6%","5,973","0.2%","210,940","0.5%","30,074","0.6%","283,278","7.9%","25,812","2.8%","4,942","0.7%","1,014,340","5.1%","90,858","0.9%","48,697","3.4%","3,350","0.2%","202,096","1.6%","36,269","0.6%","6,347","0.2%","11,005","0.4%","15,175","0.3%","14,013","0.3%","5,529","0.4%","48,870","0.8%","304,770","4.5%","44,219","0.4%","13,042","0.2%","9,568","0.3%","14,375","0.2%","2,612","0.3%","4,414","0.2%","26,271","0.9%","12,857","1.0%","470,954","5.3%","8,254","0.4%","1,104,443","5.6%","90,061","0.9%","1,565","0.2%","114,036","1.0%","13,385","0.3%","11,859","0.3%","431,155","3.4%","37,601","3.6%","33,767","0.7%","1,917","0.2%","27,979","0.4%","174,369","0.6%","8,678","0.3%","2,807","0.4%","95,249","1.1%","31,425","0.4%","5,059","0.3%","54,613","0.9%","1,086","0.2%","3,381,643","95.8%"
"            Cuban","5,423","0.1%","822","0.1%","13,545","0.2%","1,798","0.1%","93,974","0.2%","10,050","0.2%","10,978","0.3%","1,913","0.2%","2,901","0.4%","1,400,092","7.0%","30,846","0.3%","2,204","0.2%","688","0.0%","25,903","0.2%","5,705","0.1%","1,916","0.1%","4,201","0.1%","12,825","0.3%","11,281","0.2%","1,117","0.1%","13,051","0.2%","12,825","0.2%","11,378","0.1%","4,059","0.1%","1,766","0.1%","6,412","0.1%","773","0.1%","4,661","0.2%","26,252","0.9%","1,778","0.1%","90,368","1.0%","4,042","0.2%","74,770","0.4%","23,792","0.2%","303","0.0%","9,541","0.1%","2,770","0.1%","5,137","0.1%","19,842","0.2%","1,931","0.2%","7,514","0.2%","603","0.1%","11,253","0.2%","67,656","0.3%","2,418","0.1%","576","0.1%","19,306","0.2%","8,641","0.1%","1,273","0.1%","4,557","0.1%","398","0.1%","14,405","0.4%"
"            Other Hispanic or Latino","46,754","1.0%","14,961","2.0%","154,648","2.3%","45,063","1.5%","2,198,631","5.7%","256,858","4.8%","187,434","5.2%","22,694","2.4%","49,885","7.6%","1,715,871","8.6%","254,184","2.5%","48,740","3.4%","21,669","1.3%","215,371","1.7%","66,887","1.0%","29,912","1.0%","39,383","1.4%","33,916","0.8%","107,477","2.3%","7,447","0.6%","391,723","6.6%","368,969","5.5%","69,582","0.7%","66,402","1.2%","21,059","0.7%","53,262","0.9%","7,042","0.7%","36,751","2.0%","134,280","4.7%","19,223","1.4%","920,200","10.3%","335,594","16.1%","2,007,137","10.2%","245,839","2.5%","4,751","0.6%","85,329","0.7%","50,035","1.3%","61,705","1.5%","245,819","1.9%","98,189","9.3%","71,529","1.5%","7,749","0.9%","77,749","1.2%","1,111,049","4.1%","94,924","3.2%","4,037","0.6%","438,779","5.3%","126,575","1.8%","8,330","0.5%","42,407","0.7%","11,987","2.1%","83,699","2.4%"
"        Not Hispanic or Latino","4,647,661","96.0%","687,824","93.3%","4,673,728","69.5%","2,761,423","93.0%","23,750,224","61.4%","4,227,003","78.9%","3,050,842","85.0%","852,033","91.2%","589,903","89.5%","15,127,597","75.9%","9,172,330","90.8%","1,271,846","90.0%","1,439,894","88.0%","10,715,210","83.4%","6,160,056","93.5%","2,933,882","94.4%","2,570,553","88.7%","4,265,044","96.7%","4,422,262","95.2%","1,310,151","98.5%","5,409,756","90.8%","6,010,404","89.1%","9,435,219","95.2%","5,174,842","94.9%","2,902,488","97.1%","5,822,367","96.1%","988,550","96.6%","1,689,457","89.8%","2,048,675","72.2%","1,284,003","96.7%","7,195,625","80.7%","1,086,838","52.2%","16,035,528","81.4%","9,056,065","91.1%","713,165","96.9%","11,186,009","96.5%","3,494,122","90.2%","3,487,461","87.6%","11,940,813","93.4%","906,116","85.9%","4,576,244","94.7%","821,871","96.6%","6,220,664","95.0%","16,543,285","61.4%","2,550,512","86.5%","615,349","98.3%","7,585,209","91.3%","6,218,871","87.9%","1,819,845","98.6%","5,383,593","93.5%","526,643","90.3%","37,219","1.1%"
"            White alone","3,204,335","66.2%","456,575","62.0%","3,777,876","56.1%","2,177,900","73.4%","14,837,242","38.4%","3,696,127","69.0%","2,464,450","68.7%","593,565","63.5%","235,722","35.8%","11,080,426","55.6%","5,466,239","54.1%","316,285","22.4%","1,355,896","82.9%","7,996,856","62.2%","5,284,680","80.2%","2,701,600","87.0%","2,227,043","76.8%","3,766,346","85.4%","2,754,643","59.3%","1,246,606","93.7%","3,128,390","52.5%","4,970,011","73.7%","7,503,076","75.7%","4,432,384","81.3%","1,710,126","57.2%","4,850,569","80.0%","888,635","86.8%","1,511,352","80.3%","1,455,508","51.3%","1,211,271","91.2%","5,054,611","56.7%","805,603","38.7%","11,111,314","56.4%","6,361,438","64.0%","635,834","86.4%","9,265,123","80.0%","2,593,871","66.9%","3,066,467","77.0%","9,934,801","77.7%","780,278","74.0%","3,087,207","63.9%","705,403","82.9%","4,879,669","74.5%","11,705,684","43.4%","2,339,279","79.3%","585,154","93.4%","5,245,259","63.1%","4,978,375","70.4%","1,706,156","92.4%","4,727,553","82.1%","491,859","84.4%","26,600","0.8%"
"            Black or African American alone","1,275,780","26.4%","23,008","3.1%","270,045","4.0%","457,822","15.4%","2,158,363","5.6%","207,585","3.9%","347,674","9.7%","197,550","21.1%","312,557","47.4%","3,078,918","15.4%","3,105,273","30.7%","23,768","1.7%","9,818","0.6%","1,810,559","14.1%","599,629","9.1%","100,660","3.2%","163,121","5.6%","345,715","7.8%","1,483,906","31.9%","15,472","1.2%","1,738,618","29.2%","443,182","6.6%","1,361,993","13.7%","305,403","5.6%","1,117,387","37.4%","696,649","11.5%","3,948","0.4%","85,911","4.6%","233,440","8.2%","15,565","1.2%","1,133,918","12.7%","37,318","1.8%","2,829,883","14.4%","2,104,597","21.2%","14,492","2.0%","1,402,423","12.1%","276,559","7.1%","70,359","1.8%","1,353,424","10.6%","57,348","5.4%","1,311,344","27.1%","13,679","1.6%","1,092,491","16.7%","3,134,962","11.6%","30,243","1.0%","7,050","1.1%","1,568,053","18.9%","246,909","3.5%","62,385","3.4%","355,387","6.2%","6,176","1.1%","2,806","0.1%"
"            American Indian and Alaska Native alone","21,879","0.5%","100,619","13.7%","266,191","4.0%","16,300","0.5%","136,582","0.4%","28,804","0.5%","4,937","0.1%","2,861","0.3%","1,235","0.2%","40,390","0.2%","18,256","0.2%","1,830","0.1%","17,635","1.1%","14,378","0.1%","12,763","0.2%","8,310","0.3%","19,968","0.7%","7,710","0.2%","24,050","0.5%","7,523","0.6%","11,695","0.2%","8,330","0.1%","45,525","0.5%","51,971","1.0%","12,159","0.4%","22,474","0.4%","64,480","6.3%","12,981","0.7%","24,377","0.9%","1,855","0.1%","9,509","0.1%","179,116","8.6%","45,532","0.2%","108,347","1.1%","37,363","5.1%","17,022","0.1%","274,062","7.1%","35,074","0.9%","14,331","0.1%","3,848","0.4%","14,087","0.3%","71,122","8.4%","15,063","0.2%","63,336","0.2%","27,209","0.9%","1,804","0.3%","17,077","0.2%","80,697","1.1%","3,053","0.2%","47,157","0.8%","11,449","2.0%","90","0.0%"
"            Asian alone","60,240","1.2%","43,379","5.9%","199,520","3.0%","41,179","1.4%","5,280,818","13.7%","154,498","2.9%","151,376","4.2%","34,163","3.7%","23,675","3.6%","511,264","2.6%","371,852","3.7%","523,697","37.0%","20,566","1.3%","650,929","5.1%","129,420","2.0%","66,187","2.1%","77,012","2.7%","56,789","1.3%","78,263","1.7%","14,512","1.1%","359,997","6.0%","409,643","6.1%","275,696","2.8%","245,360","4.5%","28,447","1.0%","106,801","1.8%","7,266","0.7%","39,508","2.1%","218,782","7.7%","31,835","2.4%","813,826","9.1%","27,448","1.3%","1,586,428","8.1%","252,502","2.5%","9,146","1.2%","222,866","1.9%","76,630","2.0%","158,209","4.0%","398,900","3.1%","34,003","3.2%","67,865","1.4%","11,325","1.3%","104,540","1.6%","1,161,742","4.3%","65,192","2.2%","9,207","1.5%","499,517","6.0%","547,117","7.7%","13,757","0.7%","147,191","2.6%","5,232","0.9%","2,371","0.1%"
"            Native Hawaiian and Other Pacific Islander alone","1,371","0.0%","8,584","1.2%","11,832","0.2%","6,714","0.2%","138,956","0.4%","6,530","0.1%","808","0.0%","198","0.0%","239","0.0%","9,597","0.0%","4,354","0.0%","131,327","9.3%","1,809","0.1%","2,994","0.0%","2,013","0.0%","2,276","0.1%","1,668","0.1%","2,359","0.1%","1,264","0.0%","189","0.0%","2,416","0.0%","1,481","0.0%","2,103","0.0%","1,639","0.0%","457","0.0%","5,886","0.1%","793","0.1%","1,173","0.1%","17,081","0.6%","229","0.0%","2,158","0.0%","963","0.0%","5,819","0.0%","5,616","0.1%","309","0.0%","2,781","0.0%","4,740","0.1%","14,245","0.4%","2,374","0.0%","511","0.0%","2,614","0.1%","283","0.0%","2,955","0.0%","18,990","0.1%","25,861","0.9%","156","0.0%","4,828","0.1%","43,424","0.6%","505","0.0%","1,149","0.0%","303","0.1%","86","0.0%"
"            Some other race alone","6,322","0.1%","1,239","0.2%","7,977","0.1%","3,258","0.1%","90,413","0.2%","10,120","0.2%","10,940","0.3%","2,300","0.2%","1,903","0.3%","58,235","0.3%","26,295","0.3%","1,593","0.1%","948","0.1%","18,545","0.1%","9,572","0.1%","2,756","0.1%","1,953","0.1%","4,815","0.1%","7,563","0.2%","872","0.1%","14,939","0.3%","43,548","0.6%","13,569","0.1%","6,977","0.1%","2,757","0.1%","8,742","0.1%","287","0.0%","2,123","0.1%","5,376","0.2%","1,726","0.1%","37,978","0.4%","4,233","0.2%","105,557","0.5%","20,890","0.2%","335","0.0%","15,580","0.1%","3,565","0.1%","4,905","0.1%","18,880","0.1%","7,023","0.7%","6,746","0.1%","720","0.1%","7,800","0.1%","35,509","0.1%","3,957","0.1%","716","0.1%","18,864","0.2%","9,404","0.1%","2,064","0.1%","3,464","0.1%","150","0.0%","1,717","0.0%"
"            Two or more races","77,734","1.6%","54,420","7.4%","140,287","2.1%","58,250","2.0%","1,107,850","2.9%","123,339","2.3%","70,657","2.0%","21,396","2.3%","14,572","2.2%","348,767","1.7%","180,061","1.8%","273,346","19.3%","33,222","2.0%","220,949","1.7%","121,979","1.9%","52,093","1.7%","79,788","2.8%","81,310","1.8%","72,573","1.6%","24,977","1.9%","153,701","2.6%","134,209","2.0%","233,257","2.4%","131,108","2.4%","31,155","1.0%","131,246","2.2%","23,141","2.3%","36,409","1.9%","94,111","3.3%","21,522","1.6%","143,625","1.6%","32,157","1.5%","350,995","1.8%","202,675","2.0%","15,686","2.1%","260,214","2.2%","264,695","6.8%","138,202","3.5%","218,103","1.7%","23,105","2.2%","86,381","1.8%","19,339","2.3%","118,146","1.8%","423,062","1.6%","58,771","2.0%","11,262","1.8%","231,611","2.8%","312,945","4.4%","31,925","1.7%","101,692","1.8%","11,474","2.0%","3,549","0.1%"
"                Two races including Some other race","2,511","0.1%","590","0.1%","5,212","0.1%","1,391","0.0%","53,686","0.1%","3,284","0.1%","4,666","0.1%","706","0.1%","969","0.1%","22,455","0.1%","8,828","0.1%","2,176","0.2%","834","0.1%","11,527","0.1%","3,295","0.1%","852","0.0%","1,282","0.0%","1,850","0.0%","2,165","0.0%","321","0.0%","5,532","0.1%","13,533","0.2%","6,552","0.1%","3,058","0.1%","791","0.0%","2,751","0.0%","223","0.0%","717","0.0%","2,692","0.1%","727","0.1%","13,819","0.2%","1,505","0.1%","36,744","0.2%","6,059","0.1%","180","0.0%","6,520","0.1%","2,120","0.1%","2,629","0.1%","8,975","0.1%","3,099","0.3%","1,959","0.0%","264","0.0%","3,386","0.1%","21,211","0.1%","1,636","0.1%","178","0.0%","7,903","0.1%","5,190","0.1%","599","0.0%","2,790","0.0%","248","0.0%","135","0.0%"
"                Two races excluding Some other race, and Three or more races","75,223","1.6%","53,830","7.3%","135,075","2.0%","56,859","1.9%","1,054,164","2.7%","120,055","2.2%","65,991","1.8%","20,690","2.2%","13,603","2.1%","326,312","1.6%","171,233","1.7%","271,170","19.2%","32,388","2.0%","209,422","1.6%","118,684","1.8%","51,241","1.6%","78,506","2.7%","79,460","1.8%","70,408","1.5%","24,656","1.9%","148,169","2.5%","120,676","1.8%","226,705","2.3%","128,050","2.3%","30,364","1.0%","128,495","2.1%","22,918","2.2%","35,692","1.9%","91,419","3.2%","20,795","1.6%","129,806","1.5%","30,652","1.5%","314,251","1.6%","196,616","2.0%","15,506","2.1%","253,694","2.2%","262,575","6.8%","135,573","3.4%","209,128","1.6%","20,006","1.9%","84,422","1.7%","19,075","2.2%","114,760","1.8%","401,851","1.5%","57,135","1.9%","11,084","1.8%","223,708","2.7%","307,755","4.4%","31,326","1.7%","98,902","1.7%","11,226","1.9%","3,414","0.1%"
"    Total housing units","2,209,335","(X)","309,171","(X)","2,913,541","(X)","1,341,391","(X)","13,911,737","(X)","2,284,863","(X)","1,493,798","(X)","417,927","(X)","306,711","(X)","9,152,815","(X)","4,156,518","(X)","530,289","(X)","686,013","(X)","5,310,327","(X)","2,830,669","(X)","1,362,619","(X)","1,248,955","(X)","1,951,090","(X)","2,011,700","(X)","727,127","(X)","2,421,909","(X)","2,836,658","(X)","4,544,920","(X)","2,382,855","(X)","1,295,242","(X)","2,738,774","(X)","491,439","(X)","815,006","(X)","1,200,517","(X)","620,729","(X)","3,586,442","(X)","912,445","(X)","8,191,568","(X)","4,453,767","(X)","350,134","(X)","5,146,944","(X)","1,699,462","(X)","1,706,290","(X)","5,592,175","(X)","462,657","(X)","2,192,041","(X)","375,866","(X)","2,873,478","(X)","10,441,643","(X)","1,024,047","(X)","326,812","(X)","3,445,357","(X)","2,966,814","(X)","884,728","(X)","2,649,597","(X)","267,987","(X)","1,571,744","(X)"
"CITIZEN, VOTING AGE POPULATION","","","","","","","","","","","","","","","","","","","","","","","","","","","","","","","","","","","","","","","","","","","","","","","","","","","","","","","","","","","","","","","","","","","","","","","","","","","","","","","","","","","","","","","","","","","","","","","","","","","","","","","",""
"    Citizen, 18 and over population","3,639,493","3,639,493","527,811","527,811","4,613,575","4,613,575","2,175,338","2,175,338","24,582,603","24,582,603","3,824,440","3,824,440","2,582,883","2,582,883","689,653","689,653","494,088","494,088","14,195,896","14,195,896","7,063,804","7,063,804","1,006,727","1,006,727","1,148,895","1,148,895","9,003,481","9,003,481","4,824,553","4,824,553","2,295,040","2,295,040","2,061,775","2,061,775","3,313,798","3,313,798","3,432,034","3,432,034","1,051,867","1,051,867","4,212,263","4,212,263","4,887,325","4,887,325","7,408,626","7,408,626","3,980,474","3,980,474","2,217,764","2,217,764","4,547,880","4,547,880","789,499","789,499","1,341,016","1,341,016","1,902,282","1,902,282","1,027,630","1,027,630","6,087,275","6,087,275","1,464,241","1,464,241","13,605,854","13,605,854","7,203,790","7,203,790","555,691","555,691","8,734,125","8,734,125","2,787,654","2,787,654","2,911,330","2,911,330","9,725,847","9,725,847","780,248","780,248","3,620,829","3,620,829","627,070","627,070","4,876,605","4,876,605","17,177,623","17,177,623","1,903,497","1,903,497","493,535","493,535","5,998,907","5,998,907","5,008,035","5,008,035","1,453,212","1,453,212","4,313,304","4,313,304","432,377","432,377","2,712,072","2,712,072"
"        Male","1,730,702","47.6%","278,782","52.8%","2,268,884","49.2%","1,050,277","48.3%","12,039,197","49.0%","1,902,239","49.7%","1,233,763","47.8%","327,401","47.5%","229,111","46.4%","6,820,011","48.0%","3,366,259","47.7%","510,010","50.7%","569,257","49.5%","4,336,111","48.2%","2,338,840","48.5%","1,124,155","49.0%","1,012,010","49.1%","1,605,938","48.5%","1,647,958","48.0%","509,725","48.5%","1,996,996","47.4%","2,323,480","47.5%","3,590,845","48.5%","1,956,390","49.1%","1,055,209","47.6%","2,198,034","48.3%","394,352","49.9%","657,226","49.0%","951,774","50.0%","503,747","49.0%","2,909,178","47.8%","715,158","48.8%","6,465,364","47.5%","3,426,505","47.6%","284,011","51.1%","4,211,406","48.2%","1,358,993","48.8%","1,420,513","48.8%","4,688,565","48.2%","370,552","47.5%","1,725,486","47.7%","312,375","49.8%","2,332,420","47.8%","8,370,863","48.7%","947,897","49.8%","240,754","48.8%","2,912,317","48.5%","2,473,916","49.4%","710,442","48.9%","2,118,211","49.1%","219,945","50.9%","1,268,068","46.8%"
"        Female","1,908,791","52.4%","249,029","47.2%","2,344,691","50.8%","1,125,061","51.7%","12,543,406","51.0%","1,922,201","50.3%","1,349,120","52.2%","362,252","52.5%","264,977","53.6%","7,375,885","52.0%","3,697,545","52.3%","496,717","49.3%","579,638","50.5%","4,667,370","51.8%","2,485,713","51.5%","1,170,885","51.0%","1,049,765","50.9%","1,707,860","51.5%","1,784,076","52.0%","542,142","51.5%","2,215,267","52.6%","2,563,845","52.5%","3,817,781","51.5%","2,024,084","50.9%","1,162,555","52.4%","2,349,846","51.7%","395,147","50.1%","683,790","51.0%","950,508","50.0%","523,883","51.0%","3,178,097","52.2%","749,083","51.2%","7,140,490","52.5%","3,777,285","52.4%","271,680","48.9%","4,522,719","51.8%","1,428,661","51.2%","1,490,817","51.2%","5,037,282","51.8%","409,696","52.5%","1,895,343","52.3%","314,695","50.2%","2,544,185","52.2%","8,806,760","51.3%","955,600","50.2%","252,781","51.2%","3,086,590","51.5%","2,534,119","50.6%","742,770","51.1%","2,195,093","50.9%","212,432","49.1%","1,444,004","53.2%"